CustomerID,FirstName,LastName,Age,Gender,City,LoyaltyCard,CustomerSegment,SignupDate
C0001,Zainab,Lawal,45,Female,Abuja,Y,Regular,2022-03-01
C0002,Rotimi,Aina,21,Female,Lagos,Y,Loyal,2023-06-28
C0003,Fatima,Bello,50,Male,Garki,Y,Loyal,2022-08-29
C0004,Ife,Eze,54,Male,Surulere,N,Loyal,2023-03-06
C0005,Sola,Badmus,54,Female,Ikeja,Y,Occasional,2022-09-02
C0006,Musa,Uche,26,Female,Lekki,Y,Occasional,2022-03-16
C0007,Chidi,Musa,57,Male,Lagos,N,Loyal,2022-05-16
C0008,Bola,Adeyemi,33,Female,Ikeja,Y,Occasional,2022-11-06
C0009,Adaeze,Ogundele,18,Female,Wuse,Y,Occasional,2022-09-28
C0010,Amara,Eze,65,Male,Ikeja,Y,Regular,2022-12-18
C0011,Tunde,Obi,50,Female,Ikeja,N,Occasional,2022-04-05
C0012,Jide,Danjuma,35,Male,Lagos,Y,Regular,2022-09-26
C0013,Fatima,Musa,53,Female,Surulere,Y,Regular,2022-06-02
C0014,Obiageli,Bello,41,Male,Lekki,Y,Regular,2022-02-10
C0015,Bola,Nwosu,61,Male,Wuse,Y,Occasional,2023-02-21
C0016,Adaeze,Aliyu,33,Male,Garki,N,Occasional,2022-01-26
C0017,Fatima,Fashola,44,Male,Ikeja,Y,Occasional,2023-01-27
C0018,Ngozi,Salisu,32,Male,Garki,N,Regular,2022-08-22
C0019,Kemi,Okonkwo,60,Male,Lekki,Y,Occasional,2022-10-13
C0020,Bola,Ogundele,43,Female,Lagos,Y,New,2022-07-02
C0021,Rotimi,Obi,20,Male,Surulere,Y,Occasional,2022-11-18
C0022,Dare,Adeola,50,Male,Lekki,N,Regular,2022-02-15
C0023,Ola,Danjuma,18,Male,Ikeja,Y,New,2022-12-05
C0024,Adaeze,Fashola,60,Male,Wuse,N,Loyal,2023-02-23
C0025,Seun,Uche,62,Female,Surulere,Y,Loyal,2023-01-24
C0026,Sola,Okafor,57,Female,Lekki,N,Regular,2022-10-21
C0027,Tunde,Danjuma,55,Female,Lekki,Y,Loyal,2023-06-08
C0028,Halima,Okafor,60,Male,Ikeja,N,Loyal,2022-12-10
C0029,Emeka,Abubakar,61,Female,Abuja,N,Regular,2022-02-17
C0030,Kemi,Salisu,57,Male,Lekki,Y,Loyal,2022-07-19
C0031,Ola,Uche,49,Female,Abuja,Y,Loyal,2022-04-20
C0032,Chisom,Danjuma,32,Male,Garki,N,Loyal,2022-02-21
C0033,Obiageli,Abubakar,25,Female,Abuja,N,Loyal,2023-07-27
C0034,Adaeze,Fashola,46,Female,Garki,N,Loyal,2022-06-12
C0035,Toyin,Salisu,46,Female,Garki,Y,Loyal,2023-06-18
C0036,Halima,Abubakar,35,Female,Lagos,N,Regular,2022-12-10
C0037,Seun,Aina,23,Male,Abuja,Y,Loyal,2022-08-08
C0038,Emeka,Danjuma,44,Female,Surulere,N,Regular,2023-03-07
C0039,Ife,Badmus,62,Male,Garki,N,Loyal,2023-05-04
C0040,Chidi,Nwankwo,37,Female,Garki,N,Occasional,2023-07-06
C0041,Toyin,Aina,56,Male,Lekki,Y,Loyal,2022-01-30
C0042,Ife,Fashola,60,Female,Wuse,Y,Loyal,2022-05-11
C0043,Adaeze,Aina,19,Female,Surulere,N,Regular,2023-03-15
C0044,Yusuf,Musa,29,Male,Ikeja,Y,Regular,2022-12-01
C0045,Seun,Uche,35,Female,Ikeja,N,Loyal,2023-07-07
C0046,Ngozi,Nwankwo,32,Male,Garki,N,Regular,2022-02-01
C0047,Kemi,Nwosu,19,Male,Abuja,Y,Loyal,2023-08-01
C0048,Tunde,Musa,62,Female,Garki,Y,Loyal,2022-04-28
C0049,Chisom,Okafor,37,Male,Surulere,Y,Regular,2023-01-20
C0050,Ife,Nwosu,22,Male,Lagos,N,Regular,2022-05-04
C0051,Rotimi,Bello,40,Female,Wuse,Y,Loyal,2022-12-16
C0052,Chidi,Danjuma,49,Male,Lekki,N,Loyal,2023-04-16
C0053,Ola,Aliyu,45,Male,Wuse,N,Loyal,2023-07-06
C0054,Chisom,Salisu,47,Female,Garki,N,Regular,2022-09-09
C0055,Emeka,Obi,46,Male,Garki,N,Loyal,2023-01-24
C0056,Seun,Okonkwo,49,Female,Abuja,N,Regular,2022-09-22
C0057,Seun,Obi,56,Female,Surulere,Y,New,2022-03-29
C0058,Kemi,Danjuma,49,Male,Wuse,N,Occasional,2023-04-04
C0059,Chidi,Adeyemi,36,Male,Lekki,N,Regular,2023-08-19
C0060,Bola,Salisu,53,Female,Lekki,N,Loyal,2022-12-27
C0061,Ola,Musa,35,Female,Ikeja,Y,Occasional,2022-11-20
C0062,Amara,Aina,62,Male,Abuja,Y,Loyal,2023-06-22
C0063,Adaeze,Lawal,24,Male,Ikeja,Y,Regular,2022-01-15
C0064,Ola,Aina,26,Female,Lagos,N,Loyal,2022-05-10
C0065,Jide,Salisu,24,Male,Surulere,Y,Loyal,2022-12-15
C0066,Fatima,Bello,34,Female,Lagos,N,Loyal,2022-03-17
C0067,Rotimi,Bello,27,Male,Garki,N,Regular,2022-09-12
C0068,Amara,Aina,44,Male,Garki,N,Loyal,2023-03-30
C0069,Aisha,Badmus,45,Female,Surulere,N,Loyal,2022-04-12
C0070,Chisom,Nwosu,58,Male,Ikeja,N,Regular,2022-06-27
C0071,Obiageli,Adeyemi,28,Male,Lekki,N,Loyal,2022-10-26
C0072,Ngozi,Abubakar,36,Female,Wuse,N,Regular,2022-08-28
C0073,Musa,Badmus,60,Male,Lekki,Y,Regular,2022-06-02
C0074,Musa,Aliyu,22,Male,Abuja,N,Loyal,2023-08-06
C0075,Aisha,Musa,25,Female,Wuse,Y,Loyal,2022-10-06
C0076,Chibuzor,Aina,49,Female,Lagos,N,Occasional,2022-11-27
C0077,Adaeze,Obi,19,Male,Abuja,N,Occasional,2023-08-13
C0078,Rotimi,Okonkwo,61,Female,Surulere,Y,Occasional,2023-04-27
C0079,Chibuzor,Musa,35,Male,Surulere,Y,Occasional,2022-04-04
C0080,Halima,Nwankwo,44,Female,Ikeja,N,Occasional,2022-12-04
C0081,Dare,Salisu,36,Female,Garki,N,Regular,2022-04-01
C0082,Seun,Obi,38,Male,Garki,Y,Loyal,2022-01-02
C0083,Sola,Aina,47,Female,Lagos,Y,Regular,2023-05-26
C0084,Jide,Musa,21,Male,Ikeja,N,New,2023-03-25
C0085,Ola,Salisu,25,Male,Wuse,N,Regular,2022-06-12
C0086,Aisha,Aina,18,Female,Lagos,Y,Occasional,2022-04-27
C0087,Zainab,Eze,59,Male,Lekki,N,Regular,2022-10-07
C0088,Dare,Salisu,48,Male,Lekki,N,Regular,2023-06-05
C0089,Toyin,Aliyu,22,Female,Garki,N,Loyal,2023-06-04
C0090,Musa,Okonkwo,36,Female,Garki,N,New,2023-05-17
C0091,Yusuf,Musa,52,Female,Ikeja,Y,Occasional,2023-01-22
C0092,Zainab,Fashola,30,Male,Surulere,Y,Occasional,2023-02-25
C0093,Ngozi,Fashola,65,Female,Wuse,N,Regular,2022-06-05
C0094,Halima,Bello,26,Female,Garki,Y,Occasional,2022-04-13
C0095,Chibuzor,Musa,18,Male,Lekki,N,New,2022-03-18
C0096,Halima,Obi,39,Female,Wuse,Y,Regular,2023-07-01
C0097,Ife,Fashola,58,Female,Garki,N,Loyal,2022-08-29
C0098,Jide,Lawal,32,Male,Lekki,N,Occasional,2022-04-13
C0099,Zainab,Okafor,62,Female,Lagos,Y,Occasional,2022-10-28
C0100,Bola,Nwankwo,45,Male,Abuja,N,Loyal,2022-07-04
C0101,Fatima,Okafor,23,Female,Surulere,N,Loyal,2023-08-21
C0102,Yusuf,Abubakar,47,Female,Lekki,Y,Regular,2023-04-22
C0103,Aisha,Aina,28,Male,Lekki,N,New,2022-11-03
C0104,Jide,Danjuma,62,Female,Lekki,N,Regular,2023-01-29
C0105,Halima,Eze,33,Female,Surulere,Y,Regular,2022-10-30
C0106,Chidi,Uche,35,Male,Surulere,N,Occasional,2022-02-20
C0107,Adaeze,Salisu,36,Male,Surulere,N,Regular,2022-07-14
C0108,Adaeze,Obi,61,Male,Wuse,Y,Loyal,2022-02-10
C0109,Aisha,Musa,20,Female,Wuse,Y,New,2022-12-01
C0110,Toyin,Danjuma,29,Male,Abuja,N,Occasional,2023-01-10
C0111,Chibuzor,Ogundele,35,Male,Ikeja,N,New,2022-10-30
C0112,Toyin,Fashola,25,Female,Lagos,Y,New,2023-02-11
C0113,Obiageli,Nwankwo,23,Female,Lagos,Y,Regular,2023-01-13
C0114,Sola,Obi,55,Female,Garki,N,Regular,2022-08-28
C0115,Halima,Okonkwo,57,Female,Surulere,Y,Regular,2023-04-21
C0116,Ola,Lawal,59,Female,Lagos,Y,New,2022-11-08
C0117,Halima,Eze,24,Male,Surulere,Y,Loyal,2023-07-08
C0118,Dare,Badmus,65,Male,Lekki,N,Occasional,2023-02-22
C0119,Musa,Bello,62,Female,Abuja,Y,New,2023-01-07
C0120,Amara,Nwankwo,52,Female,Lagos,Y,Regular,2022-05-06
C0121,Zainab,Adeyemi,60,Male,Wuse,N,New,2022-02-21
C0122,Seun,Abubakar,26,Male,Lagos,N,Loyal,2023-08-24
C0123,Tunde,Abubakar,39,Male,Garki,N,Regular,2022-05-29
C0124,Yusuf,Aina,34,Male,Lagos,N,Regular,2022-01-16
C0125,Bola,Abubakar,55,Female,Lagos,Y,Regular,2023-03-08
C0126,Chibuzor,Eze,65,Male,Lekki,Y,Regular,2022-04-22
C0127,Zainab,Ogundele,32,Male,Wuse,N,Occasional,2023-06-18
C0128,Aisha,Musa,59,Male,Lagos,N,Occasional,2023-03-13
C0129,Sola,Eze,49,Female,Lagos,N,Regular,2022-06-01
C0130,Emeka,Aliyu,35,Female,Lekki,N,Loyal,2023-04-10
C0131,Chibuzor,Adeola,45,Male,Garki,N,Occasional,2023-07-19
C0132,Toyin,Nwosu,45,Female,Abuja,Y,Occasional,2023-02-13
C0133,Dare,Eze,38,Female,Ikeja,N,Regular,2022-06-06
C0134,Sola,Salisu,22,Male,Garki,Y,Loyal,2023-01-17
C0135,Yusuf,Aina,21,Female,Wuse,Y,Regular,2023-03-10
C0136,Toyin,Bello,36,Female,Ikeja,Y,Loyal,2022-06-08
C0137,Sola,Salisu,32,Male,Ikeja,N,Regular,2022-10-13
C0138,Rotimi,Abubakar,45,Male,Surulere,N,Occasional,2022-10-01
C0139,Chidi,Okafor,35,Female,Ikeja,Y,Regular,2022-05-27
C0140,Rotimi,Uche,22,Male,Wuse,N,Regular,2023-06-28
C0141,Tunde,Uche,44,Female,Ikeja,Y,Regular,2022-11-29
C0142,Chisom,Badmus,56,Male,Lagos,Y,Occasional,2022-02-20
C0143,Sola,Adeyemi,35,Female,Wuse,Y,Loyal,2023-03-01
C0144,Musa,Nwosu,50,Male,Ikeja,Y,Regular,2023-05-14
C0145,Chibuzor,Lawal,20,Male,Lekki,N,Regular,2022-07-29
C0146,Aisha,Nwosu,26,Female,Ikeja,Y,Regular,2023-03-17
C0147,Fatima,Aliyu,42,Male,Surulere,N,Loyal,2022-12-29
C0148,Emeka,Uche,65,Male,Lekki,Y,New,2022-11-17
C0149,Rotimi,Danjuma,54,Female,Wuse,N,Regular,2023-02-19
C0150,Chidi,Fashola,28,Female,Garki,N,Regular,2023-03-24
C0151,Amara,Abubakar,45,Female,Surulere,Y,Occasional,2022-12-14
C0152,Kemi,Fashola,28,Male,Surulere,N,Loyal,2022-07-18
C0153,Chisom,Nwankwo,40,Male,Abuja,Y,Regular,2022-06-27
C0154,Adaeze,Aliyu,59,Male,Abuja,N,Loyal,2023-04-21
C0155,Chisom,Badmus,55,Female,Wuse,N,Loyal,2022-11-27
C0156,Jide,Fashola,27,Female,Lagos,N,Loyal,2022-10-09
C0157,Rotimi,Bello,40,Male,Ikeja,N,Regular,2023-01-13
C0158,Aisha,Adeyemi,59,Male,Surulere,N,Regular,2023-08-18
C0159,Obiageli,Bello,46,Male,Ikeja,N,Loyal,2022-03-05
C0160,Zainab,Eze,39,Male,Surulere,N,Regular,2023-03-25
C0161,Zainab,Ogundele,51,Male,Ikeja,Y,Regular,2023-02-23
C0162,Chisom,Fashola,61,Male,Garki,N,Regular,2022-12-04
C0163,Amara,Aina,61,Female,Ikeja,Y,Occasional,2022-06-03
C0164,Seun,Adeyemi,55,Male,Ikeja,Y,Loyal,2023-02-06
C0165,Yusuf,Adeola,63,Male,Ikeja,N,Loyal,2022-12-03
C0166,Yusuf,Ogundele,23,Female,Surulere,Y,Regular,2022-07-04
C0167,Tunde,Fashola,49,Male,Abuja,N,Regular,2022-10-30
C0168,Amara,Ogundele,52,Male,Wuse,Y,Occasional,2022-05-15
C0169,Adaeze,Uche,27,Male,Abuja,N,Occasional,2022-06-19
C0170,Toyin,Musa,20,Female,Ikeja,N,Regular,2023-03-31
C0171,Adaeze,Lawal,65,Female,Abuja,N,Regular,2023-04-26
C0172,Tunde,Nwankwo,61,Female,Lekki,N,Occasional,2023-05-30
C0173,Chibuzor,Danjuma,28,Male,Garki,N,Occasional,2022-02-23
C0174,Jide,Salisu,41,Male,Wuse,N,Occasional,2022-10-19
C0175,Emeka,Okafor,35,Female,Surulere,Y,Loyal,2022-08-16
C0176,Zainab,Nwankwo,19,Female,Lagos,Y,Regular,2023-01-31
C0177,Emeka,Nwankwo,32,Male,Ikeja,N,Occasional,2022-12-10
C0178,Yusuf,Aliyu,20,Female,Garki,N,Occasional,2023-04-26
C0179,Zainab,Adeola,18,Male,Lagos,Y,Occasional,2023-07-16
C0180,Toyin,Adeola,51,Female,Lagos,N,Regular,2022-05-05
C0181,Ngozi,Abubakar,44,Female,Lagos,Y,New,2023-07-03
C0182,Chidi,Ogundele,54,Male,Wuse,Y,Loyal,2022-12-28
C0183,Kemi,Badmus,44,Male,Wuse,N,Loyal,2023-01-05
C0184,Emeka,Ogundele,52,Male,Lekki,N,Regular,2023-02-01
C0185,Bola,Obi,65,Male,Ikeja,N,Regular,2022-04-17
C0186,Chisom,Badmus,65,Female,Abuja,Y,Loyal,2022-06-29
C0187,Chisom,Musa,62,Female,Wuse,Y,Regular,2023-04-14
C0188,Ngozi,Lawal,30,Male,Garki,Y,Regular,2022-11-14
C0189,Chibuzor,Uche,52,Female,Ikeja,Y,Loyal,2022-10-20
C0190,Bola,Bello,59,Female,Ikeja,Y,Regular,2023-02-14
C0191,Toyin,Musa,42,Female,Abuja,N,Loyal,2023-06-16
C0192,Musa,Adeyemi,64,Female,Lagos,Y,New,2022-07-04
C0193,Obiageli,Lawal,38,Male,Lagos,Y,Regular,2023-04-02
C0194,Adaeze,Danjuma,28,Female,Ikeja,Y,Occasional,2022-12-28
C0195,Adaeze,Danjuma,35,Male,Lagos,N,Loyal,2023-06-10
C0196,Toyin,Okafor,19,Male,Garki,N,Occasional,2022-02-05
C0197,Yusuf,Adeyemi,33,Female,Ikeja,Y,Loyal,2022-06-07
C0198,Sola,Musa,41,Female,Lekki,N,Loyal,2023-06-27
C0199,Bola,Uche,38,Female,Abuja,N,Regular,2022-07-10
C0200,Halima,Ogundele,42,Male,Ikeja,N,Occasional,2022-08-08
C0201,Adaeze,Lawal,62,Female,Abuja,Y,Occasional,2023-04-08
C0202,Fatima,Musa,23,Female,Wuse,Y,Regular,2023-07-10
C0203,Aisha,Lawal,28,Male,Garki,Y,Regular,2022-07-25
C0204,Yusuf,Abubakar,49,Male,Ikeja,N,Regular,2023-07-19
C0205,Yusuf,Adeola,23,Male,Ikeja,Y,Occasional,2023-05-06
C0206,Chibuzor,Danjuma,44,Male,Abuja,N,Loyal,2023-04-06
C0207,Zainab,Ogundele,40,Male,Garki,N,Loyal,2022-07-06
C0208,Chisom,Aliyu,45,Male,Garki,Y,Regular,2022-06-18
C0209,Fatima,Fashola,63,Male,Ikeja,N,Loyal,2022-10-18
C0210,Emeka,Obi,30,Female,Abuja,N,Loyal,2022-04-06
C0211,Chibuzor,Okafor,55,Male,Abuja,N,Occasional,2022-12-12
C0212,Rotimi,Bello,19,Male,Lagos,N,Occasional,2022-09-29
C0213,Jide,Nwosu,54,Female,Surulere,N,Loyal,2023-07-13
C0214,Aisha,Lawal,48,Male,Garki,N,Loyal,2023-04-10
C0215,Emeka,Bello,28,Female,Lekki,N,Regular,2022-05-28
C0216,Seun,Fashola,64,Female,Lekki,Y,Regular,2023-07-30
C0217,Amara,Fashola,33,Female,Lagos,Y,Regular,2022-04-10
C0218,Ngozi,Lawal,42,Female,Abuja,N,New,2022-12-02
C0219,Rotimi,Fashola,30,Male,Lekki,N,Loyal,2022-11-12
C0220,Halima,Okonkwo,23,Female,Surulere,N,Regular,2023-08-21
C0221,Bola,Bello,21,Female,Lekki,N,Occasional,2023-04-27
C0222,Aisha,Aina,18,Male,Lekki,Y,Regular,2023-01-10
C0223,Chisom,Uche,41,Male,Lekki,Y,Loyal,2023-01-07
C0224,Obiageli,Lawal,22,Female,Surulere,N,Loyal,2022-05-02
C0225,Yusuf,Eze,43,Female,Garki,N,Loyal,2023-01-10
C0226,Chisom,Aliyu,30,Female,Surulere,Y,Regular,2022-12-08
C0227,Halima,Ogundele,47,Male,Surulere,N,Regular,2022-11-23
C0228,Fatima,Uche,57,Female,Surulere,Y,Occasional,2023-06-30
C0229,Halima,Badmus,37,Female,Garki,Y,Regular,2022-04-23
C0230,Dare,Badmus,37,Male,Surulere,N,New,2023-08-16
C0231,Rotimi,Abubakar,64,Male,Surulere,N,Loyal,2023-01-25
C0232,Yusuf,Abubakar,20,Male,Abuja,Y,Regular,2022-06-05
C0233,Dare,Nwosu,44,Female,Garki,N,Occasional,2022-05-22
C0234,Chibuzor,Nwosu,53,Female,Wuse,N,Regular,2022-06-27
C0235,Zainab,Aina,39,Female,Wuse,N,Occasional,2022-09-28
C0236,Adaeze,Salisu,30,Male,Ikeja,N,Regular,2022-11-01
C0237,Chisom,Lawal,63,Male,Wuse,N,Regular,2022-12-24
C0238,Obiageli,Obi,36,Male,Surulere,N,Regular,2023-02-09
C0239,Bola,Aliyu,36,Male,Ikeja,N,Regular,2023-03-29
C0240,Jide,Obi,65,Female,Abuja,Y,Loyal,2023-07-30
C0241,Ola,Obi,26,Male,Surulere,N,Regular,2022-02-21
C0242,Sola,Ogundele,32,Male,Lagos,Y,Regular,2023-04-29
C0243,Amara,Aliyu,18,Male,Lekki,N,Occasional,2023-05-03
C0244,Halima,Nwosu,36,Female,Ikeja,N,New,2022-04-02
C0245,Jide,Badmus,32,Male,Abuja,Y,Occasional,2022-02-07
C0246,Ife,Salisu,29,Female,Lagos,Y,Loyal,2022-04-20
C0247,Seun,Lawal,47,Female,Abuja,N,Loyal,2022-07-17
C0248,Amara,Fashola,28,Female,Wuse,Y,Regular,2022-12-12
C0249,Aisha,Badmus,61,Male,Abuja,N,Loyal,2023-02-20
C0250,Dare,Ogundele,38,Male,Lekki,N,Regular,2022-05-24
C0251,Halima,Fashola,33,Male,Ikeja,Y,Loyal,2022-10-01
C0252,Seun,Lawal,55,Male,Ikeja,N,Loyal,2022-03-05
C0253,Sola,Eze,47,Female,Abuja,Y,Loyal,2022-11-15
C0254,Ola,Eze,58,Female,Ikeja,N,Regular,2022-05-17
C0255,Halima,Aliyu,47,Female,Lekki,N,New,2023-07-05
C0256,Sola,Nwosu,33,Male,Surulere,Y,Occasional,2022-03-21
C0257,Rotimi,Eze,21,Male,Surulere,N,Regular,2023-06-17
C0258,Zainab,Eze,61,Male,Wuse,N,Regular,2023-06-07
C0259,Zainab,Bello,47,Male,Surulere,Y,Loyal,2023-07-27
C0260,Zainab,Lawal,64,Male,Lekki,Y,Regular,2022-08-12
C0261,Rotimi,Adeyemi,20,Female,Ikeja,N,Loyal,2022-03-03
C0262,Emeka,Salisu,20,Female,Lekki,Y,Regular,2023-03-07
C0263,Bola,Uche,46,Female,Lekki,Y,New,2023-07-07
C0264,Yusuf,Nwankwo,25,Male,Surulere,Y,Regular,2022-08-17
C0265,Chidi,Okonkwo,37,Female,Wuse,N,Loyal,2023-01-24
C0266,Kemi,Abubakar,47,Female,Abuja,Y,New,2022-04-26
C0267,Ngozi,Danjuma,57,Male,Abuja,Y,Regular,2022-02-04
C0268,Zainab,Adeola,61,Male,Abuja,N,Loyal,2022-08-28
C0269,Obiageli,Nwosu,21,Male,Surulere,N,Regular,2023-08-13
C0270,Seun,Badmus,56,Female,Abuja,Y,Regular,2023-06-18
C0271,Kemi,Danjuma,37,Female,Lagos,N,Loyal,2022-06-29
C0272,Jide,Danjuma,53,Female,Lagos,N,New,2023-01-26
C0273,Chibuzor,Fashola,62,Female,Lekki,Y,Regular,2023-07-05
C0274,Halima,Abubakar,32,Female,Garki,N,Occasional,2022-03-01
C0275,Obiageli,Danjuma,44,Male,Lekki,Y,Regular,2022-03-22
C0276,Zainab,Nwankwo,23,Male,Lagos,Y,Loyal,2022-02-10
C0277,Emeka,Nwosu,55,Male,Lekki,Y,New,2022-11-07
C0278,Chidi,Nwosu,30,Male,Wuse,N,Loyal,2022-09-06
C0279,Ola,Adeola,63,Male,Lekki,N,Loyal,2022-10-17
C0280,Ife,Musa,52,Female,Ikeja,Y,Loyal,2023-05-25
C0281,Zainab,Eze,64,Female,Garki,N,New,2023-01-15
C0282,Seun,Danjuma,20,Male,Wuse,Y,Regular,2023-08-22
C0283,Rotimi,Danjuma,36,Male,Abuja,Y,Regular,2022-09-09
C0284,Halima,Aina,59,Female,Ikeja,N,Loyal,2023-05-18
C0285,Zainab,Okafor,64,Female,Abuja,Y,Loyal,2022-07-08
C0286,Obiageli,Bello,51,Male,Garki,N,New,2022-02-19
C0287,Chisom,Okonkwo,44,Male,Garki,N,Regular,2022-06-04
C0288,Chidi,Nwosu,50,Female,Ikeja,Y,Loyal,2023-05-10
C0289,Sola,Salisu,19,Male,Surulere,N,Regular,2023-06-27
C0290,Toyin,Obi,52,Female,Lagos,N,Loyal,2023-03-17
C0291,Fatima,Eze,24,Male,Abuja,Y,Loyal,2022-12-29
C0292,Musa,Uche,23,Female,Lekki,N,Regular,2022-08-20
C0293,Aisha,Adeyemi,59,Male,Lagos,Y,Regular,2023-05-03
C0294,Ngozi,Okonkwo,62,Male,Lagos,N,Loyal,2022-12-06
C0295,Rotimi,Eze,51,Male,Abuja,Y,Occasional,2023-08-04
C0296,Halima,Obi,20,Male,Wuse,N,Occasional,2023-08-01
C0297,Sola,Bello,29,Female,Lagos,N,Loyal,2023-02-12
C0298,Emeka,Lawal,28,Male,Surulere,N,Regular,2023-07-08
C0299,Seun,Uche,65,Male,Garki,N,Occasional,2023-05-28
C0300,Toyin,Nwankwo,21,Male,Lekki,Y,Regular,2023-02-11
C0301,Chisom,Fashola,19,Female,Garki,N,Loyal,2022-12-31
C0302,Obiageli,Uche,45,Male,Wuse,N,Regular,2022-10-30
C0303,Kemi,Adeyemi,23,Female,Abuja,Y,Occasional,2022-06-07
C0304,Toyin,Uche,38,Female,Lagos,Y,New,2023-04-01
C0305,Bola,Obi,24,Male,Lagos,Y,Loyal,2023-07-23
C0306,Chibuzor,Danjuma,24,Male,Lagos,Y,Regular,2022-11-29
C0307,Ife,Okonkwo,36,Female,Lekki,N,Occasional,2023-07-27
C0308,Kemi,Badmus,51,Male,Wuse,Y,Regular,2022-11-05
C0309,Musa,Salisu,27,Male,Abuja,Y,Loyal,2023-05-11
C0310,Emeka,Nwankwo,34,Male,Wuse,N,Loyal,2022-07-20
C0311,Zainab,Eze,26,Female,Lagos,N,Regular,2023-01-25
C0312,Seun,Musa,39,Female,Garki,N,Loyal,2022-05-20
C0313,Aisha,Fashola,56,Male,Lekki,Y,New,2022-11-23
C0314,Aisha,Salisu,54,Male,Ikeja,Y,Occasional,2023-02-07
C0315,Bola,Eze,54,Male,Surulere,N,Regular,2023-07-18
C0316,Chidi,Musa,63,Male,Lekki,N,Occasional,2022-03-12
C0317,Dare,Salisu,26,Female,Abuja,Y,Regular,2023-03-10
C0318,Ife,Adeyemi,46,Female,Surulere,Y,Loyal,2023-03-05
C0319,Obiageli,Bello,41,Male,Lagos,N,Loyal,2022-12-30
C0320,Fatima,Adeola,20,Female,Garki,Y,Occasional,2022-04-19
C0321,Chidi,Eze,34,Male,Surulere,N,Loyal,2023-08-13
C0322,Kemi,Musa,41,Female,Lekki,N,Loyal,2023-05-28
C0323,Yusuf,Nwankwo,19,Female,Lagos,Y,New,2022-03-29
C0324,Amara,Aliyu,40,Female,Ikeja,N,Regular,2023-05-10
C0325,Bola,Salisu,24,Female,Wuse,N,Regular,2022-11-04
C0326,Ngozi,Eze,19,Female,Wuse,Y,Occasional,2022-09-07
C0327,Chibuzor,Okafor,53,Male,Ikeja,N,New,2022-08-26
C0328,Ife,Okafor,29,Female,Lekki,Y,Loyal,2022-07-22
C0329,Zainab,Badmus,45,Female,Lagos,N,Regular,2022-03-06
C0330,Rotimi,Eze,52,Male,Ikeja,Y,Loyal,2022-09-26
C0331,Sola,Salisu,51,Female,Surulere,Y,Regular,2022-04-27
C0332,Bola,Nwankwo,47,Male,Garki,N,Occasional,2022-03-28
C0333,Sola,Aliyu,38,Male,Abuja,Y,Regular,2022-05-25
C0334,Chibuzor,Uche,44,Male,Surulere,Y,Regular,2023-07-05
C0335,Ola,Okafor,53,Male,Lekki,Y,Regular,2023-04-07
C0336,Adaeze,Bello,40,Male,Lekki,Y,Occasional,2023-07-30
C0337,Chibuzor,Salisu,44,Female,Lekki,N,Loyal,2022-06-21
C0338,Emeka,Badmus,19,Male,Ikeja,Y,Regular,2022-10-23
C0339,Fatima,Musa,54,Female,Surulere,N,Loyal,2022-10-02
C0340,Chisom,Aina,41,Male,Garki,N,Loyal,2023-03-12
C0341,Amara,Abubakar,37,Male,Lekki,Y,Occasional,2022-03-31
C0342,Zainab,Eze,33,Male,Garki,N,Loyal,2023-03-15
C0343,Fatima,Adeola,26,Male,Garki,Y,Regular,2022-12-26
C0344,Obiageli,Obi,56,Male,Ikeja,N,Regular,2023-08-10
C0345,Musa,Ogundele,61,Male,Abuja,N,Occasional,2022-03-02
C0346,Musa,Aliyu,62,Male,Abuja,Y,Regular,2022-09-11
C0347,Chisom,Uche,49,Male,Surulere,N,Loyal,2023-01-20
C0348,Zainab,Adeyemi,58,Male,Lekki,N,Regular,2023-01-13
C0349,Zainab,Salisu,38,Male,Garki,N,Occasional,2023-04-15
C0350,Jide,Nwankwo,22,Female,Abuja,N,Occasional,2023-05-22
C0351,Musa,Fashola,36,Female,Surulere,N,Loyal,2023-05-12
C0352,Seun,Bello,20,Male,Wuse,N,Loyal,2022-05-08
C0353,Fatima,Musa,47,Male,Lekki,Y,Loyal,2022-05-16
C0354,Jide,Lawal,28,Female,Lagos,N,Regular,2023-01-16
C0355,Sola,Okafor,21,Female,Wuse,Y,Loyal,2022-08-28
C0356,Dare,Adeyemi,63,Male,Lagos,Y,Regular,2022-08-20
C0357,Chibuzor,Musa,18,Male,Wuse,Y,Regular,2023-03-09
C0358,Ola,Aliyu,48,Male,Abuja,Y,Occasional,2022-04-15
C0359,Amara,Fashola,41,Female,Abuja,Y,Occasional,2022-05-17
C0360,Jide,Aliyu,22,Male,Surulere,N,Loyal,2022-08-07
C0361,Jide,Aliyu,44,Female,Garki,Y,Occasional,2022-05-24
C0362,Chisom,Eze,55,Female,Ikeja,N,Regular,2022-05-24
C0363,Kemi,Obi,59,Male,Abuja,N,Loyal,2022-10-19
C0364,Chisom,Okonkwo,60,Female,Abuja,N,Loyal,2023-02-06
C0365,Aisha,Bello,33,Female,Lekki,Y,Loyal,2022-03-14
C0366,Chibuzor,Okonkwo,41,Female,Abuja,Y,Occasional,2023-03-07
C0367,Bola,Aina,61,Male,Garki,N,New,2022-03-16
C0368,Chidi,Badmus,22,Male,Ikeja,Y,New,2023-02-12
C0369,Chibuzor,Lawal,58,Female,Lekki,N,Regular,2023-07-04
C0370,Obiageli,Adeola,27,Female,Lagos,Y,Loyal,2022-07-28
C0371,Yusuf,Aina,38,Female,Surulere,N,Occasional,2022-03-09
C0372,Aisha,Danjuma,64,Male,Lagos,Y,New,2022-04-29
C0373,Zainab,Adeola,56,Male,Ikeja,N,Loyal,2022-06-29
C0374,Amara,Okonkwo,63,Male,Wuse,Y,Loyal,2022-12-22
C0375,Chibuzor,Ogundele,64,Female,Abuja,Y,Occasional,2022-10-03
C0376,Toyin,Eze,19,Female,Garki,Y,Loyal,2022-09-27
C0377,Ola,Badmus,58,Male,Lekki,N,Regular,2023-05-27
C0378,Rotimi,Okafor,41,Male,Ikeja,N,Occasional,2022-04-29
C0379,Kemi,Ogundele,18,Male,Garki,N,Regular,2023-04-29
C0380,Bola,Uche,27,Male,Garki,Y,Occasional,2023-03-06
C0381,Kemi,Fashola,33,Female,Wuse,Y,Occasional,2023-08-09
C0382,Bola,Eze,50,Male,Abuja,Y,Loyal,2022-02-17
C0383,Ife,Adeyemi,47,Female,Garki,N,Regular,2023-07-21
C0384,Zainab,Okonkwo,41,Male,Ikeja,N,Regular,2022-09-06
C0385,Zainab,Nwankwo,55,Female,Garki,N,Occasional,2023-07-14
C0386,Chisom,Abubakar,27,Male,Lekki,Y,Loyal,2022-01-10
C0387,Seun,Okonkwo,60,Female,Garki,N,Regular,2022-07-30
C0388,Chibuzor,Abubakar,44,Female,Lagos,N,Regular,2022-10-14
C0389,Emeka,Bello,32,Female,Wuse,N,Loyal,2022-03-28
C0390,Rotimi,Eze,50,Male,Wuse,N,Regular,2023-08-05
C0391,Ngozi,Danjuma,60,Male,Abuja,Y,Occasional,2023-02-07
C0392,Ola,Fashola,38,Female,Ikeja,Y,New,2022-05-20
C0393,Chisom,Badmus,24,Male,Lagos,Y,Loyal,2023-02-21
C0394,Amara,Aina,40,Male,Lekki,Y,Regular,2022-05-03
C0395,Emeka,Okafor,61,Female,Garki,N,Loyal,2022-08-09
C0396,Seun,Aliyu,23,Male,Ikeja,Y,Regular,2022-11-03
C0397,Musa,Okafor,19,Female,Garki,N,Occasional,2022-09-13
C0398,Amara,Musa,24,Male,Lagos,Y,Occasional,2022-08-16
C0399,Yusuf,Nwosu,43,Female,Wuse,N,Loyal,2023-08-20
C0400,Rotimi,Obi,22,Male,Lagos,Y,Loyal,2022-05-12
C0401,Emeka,Fashola,25,Male,Lekki,Y,New,2023-03-20
C0402,Toyin,Uche,49,Male,Lekki,N,Regular,2022-08-08
C0403,Fatima,Obi,35,Female,Abuja,Y,Loyal,2022-09-09
C0404,Jide,Lawal,49,Female,Surulere,N,Regular,2023-01-28
C0405,Yusuf,Danjuma,30,Male,Wuse,N,Loyal,2022-01-20
C0406,Ife,Nwankwo,48,Female,Ikeja,N,Loyal,2023-02-02
C0407,Musa,Okafor,19,Female,Surulere,Y,Occasional,2022-10-15
C0408,Ngozi,Salisu,51,Female,Garki,N,Regular,2022-06-13
C0409,Amara,Abubakar,60,Male,Ikeja,N,Occasional,2022-02-27
C0410,Chisom,Abubakar,54,Female,Ikeja,N,New,2022-06-27
C0411,Fatima,Abubakar,55,Female,Garki,N,Regular,2022-01-29
C0412,Ola,Nwankwo,54,Male,Surulere,N,Occasional,2023-05-20
C0413,Obiageli,Lawal,29,Female,Lagos,Y,Regular,2022-08-13
C0414,Chidi,Ogundele,48,Male,Ikeja,N,Regular,2022-05-14
C0415,Seun,Okafor,38,Male,Lagos,Y,Occasional,2022-05-26
C0416,Chisom,Eze,51,Female,Lagos,Y,New,2023-02-10
C0417,Rotimi,Eze,39,Female,Ikeja,Y,Regular,2023-03-24
C0418,Jide,Salisu,59,Female,Abuja,N,Loyal,2023-01-01
C0419,Kemi,Badmus,29,Female,Ikeja,N,Regular,2022-07-01
C0420,Toyin,Okonkwo,62,Female,Garki,N,New,2022-02-03
C0421,Fatima,Adeola,38,Male,Wuse,N,New,2022-05-25
C0422,Seun,Adeyemi,33,Female,Ikeja,Y,Occasional,2022-04-01
C0423,Ola,Fashola,46,Male,Ikeja,Y,Loyal,2022-12-25
C0424,Musa,Eze,64,Male,Lagos,Y,Occasional,2022-06-20
C0425,Dare,Salisu,42,Female,Surulere,Y,Occasional,2023-08-15
C0426,Jide,Abubakar,28,Female,Lagos,N,Regular,2022-01-21
C0427,Seun,Obi,24,Male,Ikeja,Y,Regular,2022-03-18
C0428,Obiageli,Adeyemi,39,Female,Wuse,Y,New,2022-06-18
C0429,Adaeze,Danjuma,28,Male,Lagos,Y,New,2023-02-24
C0430,Ola,Aina,64,Female,Wuse,Y,Regular,2022-02-20
C0431,Ife,Badmus,53,Female,Abuja,Y,Regular,2022-03-31
C0432,Aisha,Adeola,48,Male,Lagos,Y,Regular,2022-10-26
C0433,Emeka,Salisu,25,Female,Garki,Y,Loyal,2022-09-29
C0434,Emeka,Aina,42,Male,Ikeja,N,Regular,2023-04-02
C0435,Ngozi,Obi,46,Female,Ikeja,Y,Regular,2022-03-05
C0436,Yusuf,Eze,23,Female,Garki,N,New,2022-08-21
C0437,Obiageli,Bello,42,Female,Surulere,N,New,2023-08-10
C0438,Kemi,Salisu,37,Male,Lekki,N,Occasional,2023-05-30
C0439,Rotimi,Ogundele,54,Male,Lagos,N,Loyal,2022-06-21
C0440,Tunde,Nwosu,26,Male,Lekki,Y,Loyal,2022-07-26
C0441,Jide,Aliyu,56,Female,Ikeja,N,New,2022-03-10
C0442,Emeka,Uche,53,Female,Surulere,Y,Regular,2023-04-15
C0443,Chidi,Adeola,55,Female,Lagos,Y,Regular,2023-08-20
C0444,Chisom,Eze,24,Male,Garki,Y,Loyal,2022-12-19
C0445,Dare,Obi,42,Female,Surulere,N,Regular,2022-10-10
C0446,Ife,Aliyu,57,Female,Lagos,Y,Occasional,2022-09-01
C0447,Ngozi,Salisu,35,Female,Lagos,Y,Occasional,2022-11-15
C0448,Musa,Salisu,62,Male,Garki,Y,Regular,2023-03-30
C0449,Chisom,Fashola,35,Female,Surulere,N,Regular,2022-08-05
C0450,Dare,Salisu,51,Female,Garki,Y,Occasional,2022-03-09
C0451,Aisha,Ogundele,43,Male,Garki,N,Occasional,2022-01-30
C0452,Fatima,Nwosu,30,Male,Abuja,Y,Regular,2023-01-05
C0453,Ola,Nwosu,35,Female,Garki,N,Regular,2022-05-07
C0454,Sola,Okonkwo,33,Female,Lekki,N,Regular,2023-05-01
C0455,Rotimi,Aina,40,Female,Abuja,N,Regular,2022-04-03
C0456,Aisha,Okonkwo,42,Male,Abuja,N,Occasional,2022-08-08
C0457,Kemi,Abubakar,61,Male,Ikeja,N,Loyal,2022-01-10
C0458,Halima,Aliyu,59,Male,Surulere,N,Regular,2022-11-09
C0459,Ola,Obi,45,Female,Garki,Y,Regular,2023-04-23
C0460,Aisha,Ogundele,57,Female,Surulere,Y,Loyal,2023-01-19
C0461,Obiageli,Adeola,56,Female,Ikeja,N,Loyal,2022-12-11
C0462,Musa,Fashola,35,Female,Wuse,N,Occasional,2022-11-02
C0463,Tunde,Aliyu,51,Male,Lagos,N,Occasional,2023-02-18
C0464,Sola,Fashola,61,Male,Wuse,Y,Loyal,2022-10-30
C0465,Musa,Danjuma,43,Female,Wuse,Y,Occasional,2023-08-09
C0466,Tunde,Fashola,64,Male,Wuse,N,Occasional,2023-01-03
C0467,Chibuzor,Lawal,28,Male,Ikeja,Y,Regular,2022-09-22
C0468,Toyin,Aina,29,Female,Wuse,Y,Regular,2022-11-11
C0469,Dare,Fashola,41,Female,Surulere,Y,Occasional,2023-04-27
C0470,Ngozi,Badmus,55,Male,Lekki,N,Loyal,2023-01-26
C0471,Chibuzor,Lawal,44,Male,Garki,N,Regular,2022-07-25
C0472,Seun,Danjuma,54,Female,Abuja,Y,Occasional,2022-03-24
C0473,Halima,Fashola,58,Male,Ikeja,N,Regular,2022-10-08
C0474,Tunde,Okafor,54,Male,Lekki,N,Occasional,2022-05-13
C0475,Adaeze,Danjuma,58,Female,Lekki,Y,Loyal,2022-01-05
C0476,Ngozi,Aina,30,Female,Lagos,N,Occasional,2023-06-28
C0477,Tunde,Okonkwo,61,Male,Wuse,N,Regular,2022-12-19
C0478,Aisha,Aliyu,24,Female,Surulere,N,Regular,2022-02-16
C0479,Aisha,Lawal,47,Female,Lekki,N,New,2022-12-17
C0480,Halima,Nwankwo,30,Male,Garki,Y,Regular,2022-05-15
C0481,Tunde,Okonkwo,55,Male,Lagos,Y,Loyal,2022-02-08
C0482,Ife,Obi,52,Male,Surulere,N,Loyal,2022-01-21
C0483,Ngozi,Eze,44,Female,Lekki,Y,Regular,2022-06-06
C0484,Tunde,Okonkwo,37,Female,Wuse,Y,Loyal,2022-05-21
C0485,Dare,Eze,50,Male,Ikeja,Y,Regular,2022-07-23
C0486,Adaeze,Nwosu,34,Male,Ikeja,N,Regular,2022-02-10
C0487,Obiageli,Salisu,31,Female,Ikeja,Y,Regular,2022-04-02
C0488,Amara,Badmus,60,Female,Abuja,N,Occasional,2022-03-18
C0489,Toyin,Eze,34,Male,Lekki,N,Regular,2023-04-21
C0490,Ngozi,Eze,29,Male,Garki,Y,Occasional,2022-11-17
C0491,Dare,Eze,24,Male,Lagos,N,Loyal,2022-06-24
C0492,Seun,Nwankwo,46,Female,Wuse,Y,Occasional,2022-07-07
C0493,Amara,Uche,43,Female,Ikeja,N,Loyal,2023-05-05
C0494,Dare,Okafor,25,Male,Wuse,N,New,2022-06-13
C0495,Amara,Danjuma,55,Female,Garki,N,Loyal,2023-01-24
C0496,Chisom,Nwankwo,57,Male,Garki,N,Occasional,2022-05-14
C0497,Halima,Salisu,25,Female,Lekki,Y,Regular,2022-11-18
C0498,Chidi,Ogundele,65,Male,Wuse,N,Loyal,2022-04-08
C0499,Dare,Abubakar,48,Female,Wuse,N,Regular,2023-07-26
C0500,Adaeze,Bello,18,Male,Surulere,N,Occasional,2022-06-19
C0501,Emeka,Salisu,38,Male,Ikeja,N,Regular,2022-08-17
C0502,Obiageli,Uche,43,Male,Lagos,N,Occasional,2023-04-04
C0503,Emeka,Salisu,46,Female,Lagos,N,Occasional,2022-01-19
C0504,Amara,Uche,44,Male,Surulere,N,Occasional,2022-11-08
C0505,Chibuzor,Aina,31,Female,Ikeja,Y,Regular,2022-08-17
C0506,Zainab,Fashola,53,Female,Wuse,N,Occasional,2022-04-27
C0507,Amara,Abubakar,18,Female,Ikeja,N,New,2022-10-26
C0508,Obiageli,Ogundele,41,Male,Lagos,N,Loyal,2023-02-24
C0509,Amara,Obi,57,Male,Abuja,Y,Occasional,2022-08-09
C0510,Zainab,Nwosu,63,Female,Lagos,N,Regular,2022-05-07
C0511,Chisom,Musa,47,Male,Lekki,Y,Occasional,2023-07-21
C0512,Dare,Badmus,48,Male,Wuse,N,Occasional,2022-05-12
C0513,Amara,Uche,60,Female,Surulere,N,Loyal,2022-09-12
C0514,Musa,Uche,39,Female,Lekki,N,Regular,2023-06-09
C0515,Aisha,Aina,38,Male,Abuja,Y,Occasional,2022-12-20
C0516,Sola,Aliyu,63,Male,Surulere,N,Loyal,2022-04-29
C0517,Chisom,Nwankwo,53,Female,Surulere,N,Loyal,2023-03-04
C0518,Sola,Aina,36,Female,Garki,Y,Regular,2023-01-26
C0519,Yusuf,Bello,60,Male,Abuja,Y,Occasional,2022-10-21
C0520,Sola,Obi,27,Male,Wuse,N,Regular,2023-07-09
C0521,Ngozi,Nwankwo,46,Male,Surulere,N,Occasional,2022-08-18
C0522,Toyin,Aina,42,Male,Surulere,N,Occasional,2022-10-22
C0523,Ola,Bello,42,Female,Lekki,N,New,2022-11-17
C0524,Obiageli,Bello,18,Female,Abuja,N,Occasional,2023-03-30
C0525,Kemi,Nwankwo,55,Male,Garki,N,Regular,2023-04-05
C0526,Fatima,Adeyemi,29,Male,Wuse,N,Regular,2023-03-15
C0527,Musa,Aina,34,Male,Abuja,N,Regular,2022-12-05
C0528,Zainab,Aliyu,20,Male,Ikeja,N,Occasional,2022-11-05
C0529,Halima,Badmus,53,Female,Lagos,N,Regular,2022-08-14
C0530,Fatima,Ogundele,22,Male,Lekki,N,Loyal,2022-12-24
C0531,Kemi,Nwosu,60,Female,Ikeja,Y,Regular,2023-06-28
C0532,Halima,Aina,59,Male,Lagos,N,Loyal,2022-09-07
C0533,Ngozi,Fashola,42,Male,Lekki,Y,Occasional,2022-01-26
C0534,Chibuzor,Nwankwo,50,Female,Lekki,Y,Occasional,2022-07-17
C0535,Seun,Ogundele,23,Male,Abuja,N,Occasional,2023-07-01
C0536,Chidi,Adeyemi,31,Male,Garki,N,Occasional,2022-07-30
C0537,Obiageli,Danjuma,59,Male,Wuse,N,Regular,2022-12-06
C0538,Ngozi,Adeyemi,22,Male,Abuja,N,Loyal,2023-08-12
C0539,Kemi,Obi,44,Female,Lekki,N,Loyal,2022-01-18
C0540,Ife,Eze,52,Male,Wuse,N,Regular,2023-08-23
C0541,Ngozi,Adeyemi,40,Male,Ikeja,N,Regular,2022-03-30
C0542,Aisha,Musa,42,Female,Garki,N,Loyal,2023-07-01
C0543,Kemi,Aliyu,65,Female,Garki,N,Loyal,2022-05-28
C0544,Aisha,Nwankwo,18,Male,Lagos,Y,Loyal,2023-02-08
C0545,Obiageli,Aina,23,Female,Abuja,N,New,2022-12-19
C0546,Tunde,Danjuma,59,Male,Abuja,Y,Loyal,2022-09-16
C0547,Tunde,Eze,29,Male,Garki,N,New,2023-07-17
C0548,Zainab,Aina,22,Female,Wuse,Y,Regular,2023-08-18
C0549,Halima,Fashola,40,Male,Wuse,N,Regular,2022-03-13
C0550,Tunde,Fashola,49,Female,Ikeja,N,Regular,2023-08-22
C0551,Yusuf,Badmus,54,Female,Garki,Y,Loyal,2022-01-05
C0552,Seun,Abubakar,32,Female,Ikeja,N,Regular,2022-12-06
C0553,Halima,Musa,46,Female,Garki,Y,Loyal,2022-06-29
C0554,Jide,Adeola,23,Female,Garki,N,Occasional,2022-07-21
C0555,Musa,Adeyemi,64,Male,Lagos,N,Loyal,2023-08-19
C0556,Rotimi,Uche,55,Male,Lagos,N,Loyal,2023-07-07
C0557,Halima,Aliyu,41,Female,Abuja,N,Loyal,2022-10-25
C0558,Yusuf,Musa,50,Male,Lekki,Y,Regular,2022-09-02
C0559,Adaeze,Okafor,50,Male,Lekki,Y,Loyal,2023-08-03
C0560,Sola,Aliyu,65,Female,Ikeja,Y,Occasional,2022-08-26
C0561,Emeka,Obi,41,Male,Lagos,N,Loyal,2023-01-05
C0562,Ife,Salisu,47,Male,Lagos,N,Regular,2023-06-18
C0563,Jide,Obi,65,Female,Surulere,N,Regular,2023-01-23
C0564,Bola,Badmus,59,Male,Surulere,Y,New,2022-08-17
C0565,Chibuzor,Uche,40,Female,Lekki,N,Occasional,2022-01-07
C0566,Chibuzor,Aliyu,46,Male,Abuja,Y,Loyal,2022-08-05
C0567,Yusuf,Okafor,28,Female,Surulere,N,Regular,2022-08-24
C0568,Dare,Fashola,64,Male,Lekki,N,Loyal,2022-06-15
C0569,Jide,Danjuma,19,Male,Lagos,Y,Loyal,2022-05-18
C0570,Jide,Ogundele,20,Male,Lagos,Y,New,2023-06-14
C0571,Ife,Adeola,54,Male,Wuse,N,Occasional,2022-03-29
C0572,Tunde,Musa,56,Female,Garki,N,Regular,2023-02-25
C0573,Adaeze,Aliyu,55,Male,Surulere,N,Regular,2022-12-17
C0574,Zainab,Adeola,55,Male,Abuja,Y,Regular,2022-01-17
C0575,Tunde,Ogundele,50,Female,Garki,Y,Regular,2023-05-03
C0576,Adaeze,Adeola,20,Male,Lagos,N,Regular,2023-07-07
C0577,Chidi,Danjuma,51,Female,Ikeja,N,Loyal,2023-03-16
C0578,Kemi,Salisu,42,Female,Surulere,N,New,2023-08-13
C0579,Amara,Danjuma,26,Female,Lekki,N,New,2022-03-27
C0580,Aisha,Adeola,52,Female,Ikeja,Y,Occasional,2022-01-08
C0581,Rotimi,Ogundele,25,Male,Lekki,N,Loyal,2022-11-20
C0582,Dare,Nwankwo,24,Male,Lekki,N,Regular,2023-07-03
C0583,Dare,Badmus,41,Female,Wuse,Y,Regular,2023-07-20
C0584,Obiageli,Salisu,29,Female,Surulere,N,Regular,2022-11-11
C0585,Rotimi,Nwankwo,63,Female,Wuse,Y,Occasional,2022-05-02
C0586,Toyin,Abubakar,46,Male,Lagos,Y,Loyal,2022-12-13
C0587,Obiageli,Adeola,62,Male,Abuja,Y,Loyal,2022-04-04
C0588,Yusuf,Salisu,56,Female,Lagos,Y,Regular,2022-03-23
C0589,Adaeze,Bello,64,Female,Lekki,N,Loyal,2022-02-28
C0590,Chisom,Okafor,58,Female,Lekki,Y,Occasional,2023-06-15
C0591,Aisha,Nwosu,20,Male,Surulere,Y,Regular,2022-09-02
C0592,Jide,Okonkwo,28,Male,Ikeja,N,Regular,2023-02-09
C0593,Ife,Badmus,30,Male,Wuse,N,New,2023-07-17
C0594,Aisha,Aina,55,Female,Ikeja,N,Regular,2022-07-19
C0595,Zainab,Uche,54,Male,Ikeja,Y,Loyal,2023-07-27
C0596,Emeka,Ogundele,36,Female,Lagos,N,New,2023-07-05
C0597,Rotimi,Obi,62,Female,Lekki,N,Occasional,2022-12-14
C0598,Chisom,Musa,61,Female,Surulere,N,Loyal,2022-09-22
C0599,Emeka,Uche,58,Male,Wuse,N,Occasional,2023-02-27
C0600,Bola,Ogundele,52,Male,Wuse,N,Regular,2022-04-06
C0601,Ife,Fashola,22,Male,Lekki,Y,Regular,2023-08-11
C0602,Musa,Okafor,65,Male,Lekki,N,Regular,2022-09-05
C0603,Musa,Nwosu,32,Male,Garki,Y,Loyal,2022-06-09
C0604,Chisom,Eze,25,Male,Wuse,N,Loyal,2022-01-07
C0605,Chisom,Aina,20,Female,Ikeja,N,Loyal,2023-08-12
C0606,Musa,Salisu,29,Female,Lekki,Y,Loyal,2022-02-25
C0607,Chibuzor,Danjuma,48,Male,Surulere,Y,Occasional,2022-06-28
C0608,Zainab,Eze,62,Female,Ikeja,N,Regular,2022-08-04
C0609,Ife,Badmus,24,Female,Ikeja,N,Regular,2023-07-16
C0610,Musa,Abubakar,35,Female,Surulere,Y,Regular,2023-03-11
C0611,Tunde,Danjuma,62,Female,Ikeja,N,Regular,2022-07-04
C0612,Rotimi,Aliyu,54,Male,Garki,Y,Regular,2022-08-30
C0613,Obiageli,Danjuma,42,Male,Abuja,N,Occasional,2023-04-30
C0614,Chidi,Okafor,44,Female,Abuja,N,Occasional,2023-06-14
C0615,Obiageli,Fashola,49,Female,Ikeja,N,Loyal,2023-02-12
C0616,Amara,Okafor,21,Male,Garki,Y,Occasional,2022-04-09
C0617,Zainab,Fashola,34,Female,Ikeja,N,New,2022-09-21
C0618,Bola,Okonkwo,44,Male,Ikeja,N,New,2022-07-23
C0619,Rotimi,Badmus,59,Male,Garki,Y,Regular,2023-06-07
C0620,Halima,Musa,23,Female,Surulere,Y,Loyal,2022-05-29
C0621,Fatima,Fashola,44,Female,Garki,N,Regular,2022-12-18
C0622,Kemi,Fashola,38,Female,Wuse,Y,Loyal,2022-10-05
C0623,Zainab,Nwankwo,65,Female,Lekki,Y,Occasional,2022-05-09
C0624,Toyin,Abubakar,60,Female,Wuse,N,Regular,2022-06-20
C0625,Ife,Eze,24,Male,Lekki,N,Regular,2023-02-11
C0626,Chibuzor,Adeyemi,24,Female,Surulere,Y,Loyal,2023-02-04
C0627,Aisha,Abubakar,33,Female,Lekki,N,Regular,2022-06-24
C0628,Chidi,Bello,60,Female,Garki,N,Occasional,2023-04-24
C0629,Obiageli,Obi,53,Female,Abuja,N,Loyal,2022-07-01
C0630,Rotimi,Adeola,47,Female,Surulere,N,Loyal,2022-12-22
C0631,Halima,Aina,32,Male,Lekki,Y,Loyal,2022-06-09
C0632,Aisha,Okonkwo,18,Male,Ikeja,Y,Loyal,2023-05-19
C0633,Chisom,Salisu,37,Male,Garki,Y,Regular,2022-08-25
C0634,Chidi,Aina,41,Male,Lekki,N,Loyal,2022-09-13
C0635,Fatima,Uche,42,Male,Ikeja,Y,Loyal,2023-06-14
C0636,Chisom,Adeola,62,Female,Ikeja,N,Loyal,2022-10-03
C0637,Dare,Nwosu,22,Male,Abuja,Y,Loyal,2023-04-09
C0638,Musa,Adeola,49,Male,Ikeja,Y,Regular,2023-07-02
C0639,Chidi,Okafor,24,Female,Ikeja,Y,Loyal,2022-01-09
C0640,Kemi,Adeyemi,27,Male,Lekki,Y,Loyal,2023-05-26
C0641,Bola,Musa,62,Male,Ikeja,Y,Occasional,2022-05-30
C0642,Ngozi,Obi,43,Male,Surulere,N,Regular,2022-09-14
C0643,Ife,Okonkwo,25,Male,Lekki,N,Loyal,2022-02-04
C0644,Tunde,Musa,65,Male,Surulere,N,Regular,2023-02-03
C0645,Sola,Lawal,38,Male,Wuse,N,Occasional,2023-07-17
C0646,Chibuzor,Eze,34,Female,Wuse,Y,Regular,2022-02-23
C0647,Sola,Nwosu,25,Male,Wuse,Y,Regular,2022-10-10
C0648,Rotimi,Eze,43,Male,Lagos,N,Loyal,2023-05-02
C0649,Ola,Adeola,27,Female,Garki,Y,Regular,2022-04-04
C0650,Sola,Adeola,39,Male,Lagos,Y,Regular,2023-07-04
C0651,Amara,Aliyu,49,Male,Ikeja,N,Occasional,2022-12-22
C0652,Zainab,Nwosu,19,Female,Ikeja,N,Regular,2022-02-10
C0653,Halima,Musa,53,Female,Surulere,N,Regular,2022-07-11
C0654,Obiageli,Nwankwo,38,Female,Ikeja,N,Loyal,2023-07-22
C0655,Fatima,Adeyemi,51,Male,Lekki,Y,Regular,2023-01-11
C0656,Zainab,Okonkwo,58,Female,Wuse,Y,Regular,2023-01-08
C0657,Chisom,Adeola,33,Female,Wuse,Y,New,2023-02-01
C0658,Tunde,Ogundele,61,Female,Garki,N,Loyal,2022-11-27
C0659,Dare,Fashola,25,Male,Surulere,N,Regular,2022-05-13
C0660,Fatima,Bello,30,Male,Lekki,Y,Regular,2023-02-02
C0661,Sola,Salisu,51,Female,Lagos,Y,Loyal,2022-03-14
C0662,Chidi,Nwosu,59,Female,Garki,Y,Occasional,2022-03-04
C0663,Bola,Aina,65,Female,Garki,Y,Occasional,2022-09-30
C0664,Chibuzor,Bello,64,Male,Garki,Y,New,2023-06-16
C0665,Amara,Eze,64,Male,Surulere,Y,Regular,2022-09-12
C0666,Rotimi,Okafor,53,Female,Wuse,Y,Loyal,2023-01-02
C0667,Sola,Musa,62,Female,Lagos,Y,Regular,2023-02-16
C0668,Chibuzor,Fashola,60,Male,Surulere,N,Loyal,2022-12-27
C0669,Seun,Aina,38,Female,Lekki,N,Loyal,2022-11-28
C0670,Adaeze,Abubakar,54,Male,Lekki,N,New,2022-09-18
C0671,Bola,Musa,46,Female,Lagos,N,New,2022-01-17
C0672,Chibuzor,Aliyu,37,Male,Ikeja,N,Regular,2022-11-19
C0673,Chidi,Obi,53,Male,Lagos,Y,Regular,2022-05-22
C0674,Musa,Nwankwo,55,Male,Abuja,Y,Regular,2023-08-08
C0675,Ife,Badmus,31,Male,Wuse,Y,Loyal,2023-05-15
C0676,Ola,Badmus,24,Female,Lagos,N,Loyal,2022-03-22
C0677,Chisom,Bello,39,Female,Garki,Y,New,2022-05-04
C0678,Chisom,Abubakar,65,Male,Wuse,N,Regular,2022-11-09
C0679,Chibuzor,Bello,38,Male,Ikeja,N,Regular,2022-02-21
C0680,Sola,Uche,46,Male,Abuja,Y,Occasional,2022-06-01
C0681,Yusuf,Fashola,23,Female,Surulere,N,Loyal,2022-09-26
C0682,Emeka,Uche,50,Female,Garki,N,Occasional,2023-05-08
C0683,Obiageli,Nwosu,49,Female,Wuse,N,Loyal,2023-06-21
C0684,Kemi,Abubakar,22,Female,Garki,Y,Loyal,2023-08-13
C0685,Emeka,Eze,60,Female,Lekki,Y,Regular,2022-12-19
C0686,Adaeze,Okonkwo,37,Male,Ikeja,N,New,2023-03-29
C0687,Adaeze,Aliyu,46,Male,Garki,Y,Loyal,2022-06-09
C0688,Chisom,Adeyemi,25,Male,Abuja,N,New,2022-10-22
C0689,Chidi,Fashola,62,Male,Ikeja,N,Regular,2022-08-03
C0690,Toyin,Aina,31,Male,Surulere,N,Regular,2023-05-10
C0691,Adaeze,Aliyu,62,Male,Lekki,N,Loyal,2022-02-14
C0692,Musa,Okafor,21,Female,Abuja,N,Loyal,2022-02-24
C0693,Zainab,Okonkwo,22,Female,Wuse,Y,Occasional,2023-01-04
C0694,Amara,Okonkwo,36,Female,Abuja,N,Loyal,2022-04-12
C0695,Seun,Salisu,56,Male,Abuja,Y,New,2023-07-29
C0696,Ola,Okonkwo,20,Male,Surulere,Y,Loyal,2022-06-10
C0697,Chidi,Nwankwo,61,Female,Ikeja,N,Regular,2023-05-29
C0698,Musa,Bello,58,Female,Lekki,N,Occasional,2022-01-31
C0699,Obiageli,Obi,32,Male,Ikeja,N,Loyal,2022-03-31
C0700,Toyin,Uche,51,Male,Lekki,Y,Regular,2022-11-16
C0701,Adaeze,Fashola,46,Male,Abuja,N,Loyal,2022-07-27
C0702,Yusuf,Lawal,62,Male,Lekki,N,New,2022-05-29
C0703,Jide,Badmus,28,Female,Lagos,N,New,2022-05-02
C0704,Fatima,Fashola,27,Male,Garki,Y,New,2023-02-26
C0705,Aisha,Musa,65,Female,Abuja,N,Regular,2022-07-09
C0706,Chidi,Adeola,57,Female,Surulere,N,Regular,2022-08-26
C0707,Kemi,Okonkwo,40,Male,Wuse,N,Regular,2023-04-26
C0708,Ola,Nwankwo,29,Female,Lekki,N,Regular,2022-08-20
C0709,Ngozi,Danjuma,18,Female,Lekki,Y,Loyal,2022-07-27
C0710,Chisom,Nwosu,22,Male,Lekki,N,Loyal,2022-11-29
C0711,Zainab,Abubakar,45,Female,Garki,Y,Occasional,2023-01-25
C0712,Toyin,Fashola,43,Male,Surulere,Y,Loyal,2022-02-13
C0713,Kemi,Ogundele,52,Female,Wuse,Y,Regular,2022-02-20
C0714,Tunde,Lawal,46,Female,Ikeja,N,Regular,2022-06-20
C0715,Dare,Lawal,57,Male,Wuse,N,Regular,2023-04-08
C0716,Emeka,Ogundele,25,Male,Garki,N,Occasional,2023-07-14
C0717,Yusuf,Uche,44,Female,Lekki,Y,Loyal,2022-07-26
C0718,Zainab,Adeyemi,34,Female,Wuse,N,Occasional,2022-06-17
C0719,Ola,Eze,23,Male,Wuse,Y,Regular,2023-06-21
C0720,Ola,Uche,64,Male,Lekki,N,Regular,2022-06-24
C0721,Seun,Badmus,60,Male,Abuja,N,Regular,2022-02-22
C0722,Dare,Lawal,37,Female,Ikeja,N,Regular,2022-05-15
C0723,Tunde,Okonkwo,57,Female,Lagos,N,Occasional,2023-07-11
C0724,Chidi,Adeola,49,Male,Abuja,N,Loyal,2023-02-24
C0725,Zainab,Adeyemi,56,Male,Abuja,N,Regular,2023-07-25
C0726,Tunde,Bello,29,Male,Lagos,N,Regular,2022-02-03
C0727,Sola,Badmus,56,Female,Ikeja,N,Regular,2023-03-03
C0728,Fatima,Okafor,61,Female,Surulere,N,Loyal,2023-08-10
C0729,Obiageli,Okafor,47,Female,Lagos,Y,Regular,2023-01-13
C0730,Ife,Adeyemi,45,Male,Ikeja,N,Regular,2022-10-09
C0731,Seun,Ogundele,44,Male,Wuse,Y,Regular,2023-08-09
C0732,Toyin,Ogundele,23,Female,Wuse,N,New,2022-10-22
C0733,Dare,Adeola,38,Female,Surulere,N,Loyal,2022-05-13
C0734,Adaeze,Badmus,49,Female,Lekki,N,Occasional,2022-08-27
C0735,Ola,Lawal,30,Male,Lagos,Y,Loyal,2022-05-01
C0736,Toyin,Nwosu,57,Female,Lekki,Y,Regular,2022-08-06
C0737,Chidi,Nwosu,62,Female,Ikeja,N,Regular,2023-06-03
C0738,Obiageli,Fashola,18,Male,Wuse,Y,Regular,2023-08-06
C0739,Adaeze,Okonkwo,29,Male,Ikeja,N,New,2023-05-06
C0740,Halima,Bello,59,Male,Lekki,Y,Loyal,2023-07-04
C0741,Seun,Musa,44,Male,Garki,N,Loyal,2022-11-20
C0742,Obiageli,Aina,19,Male,Surulere,N,Occasional,2022-12-29
C0743,Emeka,Aliyu,35,Male,Ikeja,N,Loyal,2022-06-19
C0744,Rotimi,Adeola,42,Male,Surulere,Y,Occasional,2022-11-12
C0745,Ola,Fashola,63,Male,Ikeja,Y,Loyal,2022-09-01
C0746,Bola,Musa,37,Male,Surulere,Y,Regular,2022-02-08
C0747,Chisom,Nwosu,23,Female,Surulere,Y,Loyal,2023-05-28
C0748,Yusuf,Nwosu,39,Female,Wuse,N,Regular,2022-12-02
C0749,Yusuf,Eze,51,Male,Abuja,N,Loyal,2023-06-19
C0750,Amara,Okonkwo,37,Male,Wuse,N,Occasional,2022-12-08
C0751,Zainab,Bello,24,Female,Lagos,N,Regular,2022-08-03
C0752,Seun,Nwosu,30,Female,Ikeja,N,Occasional,2022-05-01
C0753,Musa,Aliyu,28,Female,Lagos,Y,Loyal,2023-06-11
C0754,Amara,Nwosu,52,Female,Surulere,Y,Regular,2022-10-18
C0755,Rotimi,Abubakar,28,Male,Ikeja,N,Regular,2023-03-31
C0756,Ngozi,Aliyu,19,Female,Wuse,Y,Regular,2022-03-30
C0757,Dare,Uche,29,Female,Surulere,Y,Regular,2022-07-22
C0758,Ola,Aina,23,Female,Surulere,Y,Occasional,2023-04-25
C0759,Amara,Musa,37,Female,Lekki,Y,Regular,2022-09-22
C0760,Bola,Uche,29,Female,Garki,N,Regular,2023-05-15
C0761,Chidi,Adeyemi,48,Male,Ikeja,N,Occasional,2022-10-17
C0762,Chisom,Nwankwo,56,Male,Surulere,Y,Occasional,2022-04-20
C0763,Seun,Aina,59,Male,Garki,Y,Loyal,2023-02-28
C0764,Kemi,Adeola,33,Male,Lekki,Y,Regular,2023-03-18
C0765,Dare,Badmus,39,Male,Abuja,N,Regular,2023-08-11
C0766,Halima,Eze,55,Female,Ikeja,N,Occasional,2022-06-30
C0767,Aisha,Uche,22,Male,Wuse,N,Occasional,2023-01-24
C0768,Seun,Salisu,59,Male,Lagos,Y,Regular,2023-08-18
C0769,Chisom,Okonkwo,27,Male,Lekki,N,Regular,2023-08-15
C0770,Zainab,Nwosu,31,Female,Ikeja,N,New,2022-11-08
C0771,Dare,Nwankwo,23,Male,Surulere,N,Loyal,2022-05-11
C0772,Aisha,Bello,41,Male,Lagos,N,Occasional,2023-01-03
C0773,Amara,Lawal,19,Male,Lekki,N,Regular,2022-11-22
C0774,Ola,Uche,43,Female,Lekki,N,Loyal,2023-05-02
C0775,Yusuf,Nwosu,53,Female,Garki,N,Occasional,2022-06-07
C0776,Aisha,Aliyu,26,Male,Lagos,N,Regular,2023-05-14
C0777,Sola,Danjuma,26,Male,Abuja,N,Loyal,2023-04-12
C0778,Ola,Adeola,45,Male,Lekki,N,Loyal,2023-04-06
C0779,Ife,Nwankwo,32,Male,Lekki,N,Loyal,2022-08-31
C0780,Ola,Ogundele,35,Female,Surulere,N,Regular,2022-02-08
C0781,Rotimi,Salisu,63,Female,Lagos,N,New,2022-03-23
C0782,Yusuf,Ogundele,35,Female,Surulere,Y,Occasional,2022-04-01
C0783,Kemi,Salisu,58,Male,Wuse,N,Occasional,2022-11-16
C0784,Adaeze,Bello,39,Male,Lekki,N,New,2023-08-11
C0785,Toyin,Fashola,44,Female,Garki,Y,Regular,2022-11-08
C0786,Toyin,Badmus,34,Male,Wuse,N,Regular,2022-02-22
C0787,Sola,Lawal,65,Male,Ikeja,N,Regular,2022-03-20
C0788,Musa,Obi,26,Female,Ikeja,N,Regular,2022-04-25
C0789,Adaeze,Okafor,55,Male,Wuse,Y,Occasional,2022-09-25
C0790,Ola,Abubakar,49,Male,Garki,N,Regular,2022-03-28
C0791,Yusuf,Adeola,27,Female,Garki,N,Occasional,2022-09-01
C0792,Sola,Musa,64,Male,Abuja,N,Occasional,2022-02-25
C0793,Jide,Obi,25,Male,Abuja,N,Loyal,2023-05-03
C0794,Toyin,Aina,32,Female,Wuse,N,Loyal,2022-05-29
C0795,Chibuzor,Danjuma,18,Female,Garki,Y,Loyal,2023-06-27
C0796,Sola,Bello,24,Female,Garki,Y,New,2022-10-07
C0797,Seun,Obi,35,Male,Ikeja,N,Regular,2022-09-05
C0798,Toyin,Badmus,30,Female,Wuse,N,Regular,2023-07-15
C0799,Chidi,Okonkwo,22,Male,Lekki,Y,Regular,2023-04-02
C0800,Bola,Abubakar,64,Female,Ikeja,Y,Regular,2022-04-05
C0801,Ngozi,Adeola,60,Male,Surulere,N,Occasional,2022-05-03
C0802,Emeka,Adeola,26,Female,Wuse,N,Loyal,2022-07-09
C0803,Amara,Okafor,34,Female,Lekki,N,Regular,2023-04-10
C0804,Musa,Danjuma,62,Female,Ikeja,Y,Regular,2022-03-05
C0805,Ife,Uche,39,Male,Ikeja,N,Regular,2023-03-28
C0806,Emeka,Salisu,30,Female,Abuja,N,Regular,2023-07-08
C0807,Chisom,Danjuma,31,Male,Lekki,N,Regular,2022-03-16
C0808,Emeka,Badmus,64,Female,Garki,Y,Occasional,2022-06-02
C0809,Jide,Okonkwo,20,Female,Ikeja,Y,Regular,2023-02-05
C0810,Rotimi,Okonkwo,50,Female,Lekki,Y,Occasional,2022-03-13
C0811,Obiageli,Abubakar,18,Female,Wuse,N,Loyal,2023-08-04
C0812,Obiageli,Nwankwo,39,Female,Lekki,Y,New,2022-04-03
C0813,Bola,Aina,39,Male,Garki,N,Occasional,2022-07-27
C0814,Fatima,Aina,20,Female,Wuse,Y,Loyal,2022-04-20
C0815,Jide,Nwankwo,49,Male,Wuse,Y,Regular,2022-02-06
C0816,Tunde,Okonkwo,64,Male,Lekki,Y,Occasional,2022-11-12
C0817,Halima,Aina,46,Male,Lagos,Y,Regular,2022-02-13
C0818,Ife,Eze,31,Female,Wuse,N,Loyal,2023-08-17
C0819,Kemi,Adeyemi,20,Male,Lekki,N,Loyal,2022-02-16
C0820,Kemi,Aliyu,18,Male,Wuse,Y,Regular,2022-04-10
C0821,Zainab,Adeola,28,Male,Garki,N,Regular,2022-08-14
C0822,Emeka,Nwosu,45,Female,Garki,N,Occasional,2023-02-16
C0823,Seun,Eze,61,Male,Ikeja,N,Occasional,2022-02-16
C0824,Rotimi,Okafor,39,Male,Lagos,Y,Occasional,2022-06-22
C0825,Ola,Nwankwo,53,Male,Lekki,Y,Loyal,2022-05-17
C0826,Amara,Adeola,42,Male,Lagos,N,Regular,2022-01-08
C0827,Fatima,Adeyemi,63,Female,Lekki,N,Occasional,2023-05-03
C0828,Ola,Aliyu,31,Male,Wuse,Y,Loyal,2022-09-02
C0829,Fatima,Adeola,62,Male,Surulere,Y,Loyal,2022-04-01
C0830,Jide,Lawal,40,Female,Lagos,N,Regular,2023-06-27
C0831,Amara,Adeola,41,Male,Lekki,N,Loyal,2022-10-11
C0832,Ngozi,Nwosu,25,Male,Wuse,N,New,2023-05-25
C0833,Fatima,Okafor,60,Male,Lagos,N,Regular,2023-03-22
C0834,Musa,Fashola,57,Female,Lagos,Y,Regular,2023-07-05
C0835,Fatima,Okafor,19,Female,Surulere,Y,Occasional,2023-04-01
C0836,Rotimi,Badmus,38,Female,Abuja,N,Occasional,2022-08-24
C0837,Chisom,Eze,38,Male,Lagos,Y,Loyal,2022-07-24
C0838,Ife,Abubakar,22,Female,Surulere,N,Occasional,2022-05-29
C0839,Tunde,Adeola,47,Male,Lekki,Y,Loyal,2022-07-18
C0840,Jide,Nwankwo,35,Male,Ikeja,Y,Loyal,2022-03-03
C0841,Musa,Aliyu,25,Female,Lekki,Y,Occasional,2022-08-14
C0842,Aisha,Adeola,28,Male,Surulere,N,Occasional,2022-03-30
C0843,Dare,Ogundele,49,Male,Surulere,N,Loyal,2022-01-15
C0844,Toyin,Danjuma,65,Male,Abuja,Y,Loyal,2022-06-02
C0845,Rotimi,Okonkwo,44,Male,Lagos,N,Occasional,2023-06-01
C0846,Ngozi,Danjuma,51,Female,Lekki,N,Loyal,2022-04-11
C0847,Zainab,Salisu,33,Male,Surulere,N,Loyal,2023-02-21
C0848,Tunde,Aliyu,40,Female,Abuja,N,Regular,2023-05-07
C0849,Sola,Lawal,28,Female,Garki,N,Loyal,2023-04-11
C0850,Zainab,Aliyu,63,Female,Abuja,N,Regular,2023-04-21
C0851,Ola,Okonkwo,58,Male,Lekki,N,Regular,2022-02-03
C0852,Aisha,Danjuma,35,Male,Garki,N,Loyal,2022-12-10
C0853,Toyin,Bello,50,Female,Lagos,Y,Regular,2022-02-11
C0854,Bola,Nwankwo,29,Male,Surulere,N,Regular,2022-12-09
C0855,Kemi,Aina,25,Female,Wuse,N,Loyal,2022-08-03
C0856,Chisom,Abubakar,38,Female,Ikeja,N,Loyal,2022-02-25
C0857,Emeka,Nwankwo,40,Female,Lekki,N,Occasional,2023-04-27
C0858,Ola,Aina,61,Female,Lekki,N,Occasional,2022-03-09
C0859,Tunde,Musa,23,Male,Lekki,N,Regular,2022-03-20
C0860,Amara,Okafor,35,Male,Wuse,Y,Regular,2022-07-29
C0861,Chibuzor,Okonkwo,36,Female,Wuse,N,Regular,2022-12-22
C0862,Dare,Musa,65,Male,Ikeja,Y,Regular,2022-08-26
C0863,Chibuzor,Fashola,44,Female,Wuse,N,Regular,2023-06-27
C0864,Obiageli,Musa,47,Female,Surulere,Y,Occasional,2022-06-25
C0865,Musa,Abubakar,48,Female,Ikeja,N,Regular,2022-12-28
C0866,Aisha,Musa,28,Male,Wuse,N,Regular,2022-06-29
C0867,Ola,Aliyu,28,Male,Lagos,Y,Regular,2022-05-10
C0868,Zainab,Obi,41,Male,Abuja,N,Regular,2022-11-21
C0869,Bola,Aliyu,41,Female,Surulere,N,Loyal,2022-05-05
C0870,Chidi,Uche,49,Male,Lekki,N,Regular,2023-07-14
C0871,Chibuzor,Fashola,59,Female,Lekki,N,New,2023-08-11
C0872,Sola,Aliyu,54,Female,Ikeja,N,Occasional,2022-02-11
C0873,Yusuf,Aina,25,Female,Lagos,Y,Occasional,2023-04-02
C0874,Bola,Adeyemi,38,Male,Surulere,N,Loyal,2022-08-16
C0875,Chisom,Obi,30,Male,Lagos,N,Loyal,2022-03-31
C0876,Chibuzor,Uche,30,Female,Ikeja,N,Loyal,2022-02-27
C0877,Sola,Nwankwo,43,Male,Wuse,N,Regular,2023-01-17
C0878,Chidi,Lawal,40,Female,Ikeja,N,Occasional,2022-03-31
C0879,Tunde,Musa,65,Female,Garki,Y,Regular,2023-03-11
C0880,Toyin,Danjuma,26,Male,Abuja,Y,Loyal,2023-06-22
C0881,Seun,Adeyemi,55,Female,Lagos,Y,Loyal,2022-10-07
C0882,Dare,Okafor,53,Female,Wuse,N,New,2022-07-24
C0883,Fatima,Uche,36,Female,Lagos,N,Regular,2023-08-23
C0884,Aisha,Salisu,53,Female,Abuja,Y,Regular,2022-09-26
C0885,Aisha,Salisu,25,Female,Lekki,Y,New,2022-09-08
C0886,Chidi,Eze,35,Female,Lagos,N,Regular,2023-05-08
C0887,Rotimi,Danjuma,34,Female,Wuse,N,Regular,2023-08-13
C0888,Chidi,Obi,28,Male,Abuja,Y,Occasional,2022-05-19
C0889,Bola,Okafor,21,Female,Ikeja,Y,New,2022-12-31
C0890,Ngozi,Lawal,36,Male,Surulere,Y,Loyal,2022-04-07
C0891,Adaeze,Okafor,52,Female,Garki,Y,Occasional,2022-11-05
C0892,Musa,Nwankwo,24,Female,Garki,Y,Regular,2022-10-16
C0893,Bola,Salisu,44,Female,Abuja,Y,Regular,2022-08-15
C0894,Tunde,Aina,57,Male,Lekki,N,Regular,2022-05-15
C0895,Chidi,Salisu,40,Female,Wuse,Y,Occasional,2023-06-20
C0896,Chisom,Fashola,29,Female,Lagos,N,Regular,2022-05-12
C0897,Ola,Aliyu,62,Male,Ikeja,Y,Regular,2022-03-22
C0898,Dare,Eze,22,Male,Garki,N,Loyal,2022-07-21
C0899,Amara,Bello,60,Male,Lekki,Y,Regular,2022-03-09
C0900,Aisha,Okonkwo,24,Male,Surulere,Y,New,2022-07-09
C0901,Sola,Nwankwo,19,Male,Abuja,N,New,2023-08-17
C0902,Bola,Nwankwo,28,Male,Surulere,N,Regular,2023-08-16
C0903,Chisom,Okonkwo,51,Male,Wuse,Y,Regular,2023-07-05
C0904,Chidi,Eze,31,Female,Ikeja,N,Regular,2022-04-20
C0905,Fatima,Nwankwo,42,Female,Abuja,N,Loyal,2022-11-18
C0906,Amara,Musa,25,Male,Lekki,N,Occasional,2023-07-25
C0907,Toyin,Bello,23,Female,Lekki,Y,Regular,2022-11-16
C0908,Sola,Musa,32,Female,Ikeja,N,Loyal,2022-03-13
C0909,Halima,Nwankwo,29,Male,Wuse,N,Regular,2023-03-25
C0910,Chibuzor,Adeyemi,25,Male,Lekki,Y,Loyal,2022-04-15
C0911,Toyin,Okafor,22,Female,Abuja,Y,Loyal,2023-02-18
C0912,Amara,Abubakar,45,Female,Ikeja,N,Occasional,2022-10-07
C0913,Chisom,Uche,40,Female,Wuse,N,Loyal,2023-05-12
C0914,Chibuzor,Obi,27,Female,Lagos,Y,Loyal,2022-08-25
C0915,Jide,Aliyu,19,Male,Wuse,Y,Regular,2022-01-28
C0916,Fatima,Uche,56,Female,Abuja,Y,Loyal,2022-03-20
C0917,Sola,Ogundele,49,Female,Abuja,Y,Loyal,2023-06-01
C0918,Musa,Aina,39,Male,Garki,Y,Loyal,2022-05-02
C0919,Ife,Musa,38,Female,Lekki,N,Regular,2023-07-25
C0920,Sola,Lawal,63,Male,Lekki,Y,Regular,2023-02-03
C0921,Halima,Eze,54,Female,Wuse,N,Loyal,2023-04-27
C0922,Halima,Aina,28,Male,Lekki,Y,Loyal,2023-01-22
C0923,Adaeze,Nwankwo,36,Female,Lagos,Y,Regular,2023-01-11
C0924,Bola,Badmus,19,Female,Lekki,Y,Regular,2023-01-01
C0925,Dare,Nwankwo,21,Male,Abuja,Y,Regular,2022-03-28
C0926,Ola,Adeyemi,37,Male,Ikeja,Y,Loyal,2022-02-08
C0927,Zainab,Danjuma,54,Female,Ikeja,Y,Loyal,2022-01-23
C0928,Seun,Uche,54,Female,Ikeja,N,Occasional,2022-04-13
C0929,Ola,Nwosu,39,Female,Surulere,N,Loyal,2022-06-20
C0930,Adaeze,Lawal,41,Female,Abuja,N,Occasional,2022-03-19
C0931,Obiageli,Nwosu,36,Female,Lagos,Y,Loyal,2022-08-20
C0932,Adaeze,Adeyemi,63,Male,Surulere,Y,Regular,2023-06-28
C0933,Halima,Danjuma,31,Female,Garki,Y,Occasional,2023-06-01
C0934,Aisha,Danjuma,60,Female,Abuja,Y,Regular,2023-06-12
C0935,Zainab,Aina,29,Male,Wuse,N,Occasional,2023-08-14
C0936,Halima,Nwosu,60,Female,Ikeja,N,Loyal,2023-03-21
C0937,Rotimi,Bello,51,Male,Ikeja,N,Regular,2022-11-04
C0938,Dare,Danjuma,38,Male,Wuse,Y,Loyal,2022-10-21
C0939,Jide,Okafor,34,Male,Lekki,Y,Regular,2022-01-29
C0940,Kemi,Lawal,47,Female,Surulere,N,Loyal,2022-02-07
C0941,Tunde,Okafor,35,Male,Lagos,Y,Occasional,2023-07-18
C0942,Fatima,Bello,64,Female,Garki,Y,Occasional,2022-03-27
C0943,Seun,Adeola,37,Male,Lekki,N,Loyal,2022-04-03
C0944,Ife,Aliyu,33,Male,Surulere,N,New,2023-06-19
C0945,Sola,Badmus,51,Female,Lekki,N,Regular,2022-05-06
C0946,Chisom,Fashola,39,Female,Garki,N,Regular,2023-03-10
C0947,Tunde,Aliyu,24,Male,Abuja,N,Loyal,2022-09-18
C0948,Rotimi,Bello,49,Female,Wuse,N,Regular,2023-03-10
C0949,Halima,Abubakar,35,Male,Ikeja,N,Regular,2022-11-12
C0950,Chidi,Adeola,20,Male,Wuse,N,Loyal,2022-09-17
C0951,Obiageli,Uche,37,Female,Garki,N,Loyal,2022-08-31
C0952,Zainab,Uche,18,Female,Ikeja,Y,New,2022-08-30
C0953,Aisha,Nwosu,28,Female,Wuse,Y,Occasional,2023-02-21
C0954,Ngozi,Obi,23,Female,Lekki,N,New,2022-12-07
C0955,Ola,Danjuma,24,Male,Wuse,Y,Regular,2023-03-07
C0956,Adaeze,Aina,65,Female,Lekki,N,Occasional,2022-07-08
C0957,Jide,Musa,59,Male,Lagos,Y,Loyal,2022-11-18
C0958,Rotimi,Adeyemi,25,Male,Abuja,N,New,2022-05-14
C0959,Adaeze,Danjuma,38,Female,Lekki,N,Regular,2022-06-27
C0960,Sola,Badmus,38,Female,Abuja,Y,Regular,2023-02-07
C0961,Ife,Badmus,32,Male,Lagos,N,Loyal,2022-08-23
C0962,Emeka,Musa,30,Female,Wuse,N,Regular,2023-03-16
C0963,Adaeze,Obi,27,Male,Ikeja,Y,Loyal,2022-01-15
C0964,Ola,Ogundele,45,Female,Garki,N,Regular,2022-07-28
C0965,Tunde,Obi,36,Female,Lekki,Y,Occasional,2022-08-09
C0966,Aisha,Nwosu,44,Male,Lekki,N,Regular,2022-09-26
C0967,Kemi,Adeola,46,Male,Ikeja,N,Loyal,2022-03-29
C0968,Chidi,Salisu,26,Female,Wuse,Y,Regular,2023-01-28
C0969,Ola,Danjuma,65,Female,Lagos,Y,Regular,2022-12-07
C0970,Kemi,Salisu,40,Male,Lagos,Y,Loyal,2022-11-06
C0971,Ife,Nwankwo,26,Male,Surulere,Y,Regular,2023-05-20
C0972,Seun,Musa,26,Male,Ikeja,N,Loyal,2022-09-24
C0973,Amara,Fashola,20,Male,Lekki,N,Occasional,2023-01-05
C0974,Dare,Lawal,34,Female,Surulere,Y,Occasional,2022-11-20
C0975,Toyin,Salisu,27,Female,Lagos,Y,Regular,2022-07-07
C0976,Ngozi,Salisu,34,Male,Wuse,N,Regular,2023-05-22
C0977,Ngozi,Musa,40,Female,Lekki,N,Occasional,2022-06-01
C0978,Amara,Nwankwo,23,Male,Garki,Y,Occasional,2023-06-05
C0979,Musa,Badmus,60,Male,Surulere,N,Regular,2023-08-08
C0980,Fatima,Danjuma,22,Male,Garki,N,Regular,2022-12-03
C0981,Chidi,Lawal,61,Male,Lekki,Y,New,2022-04-19
C0982,Seun,Aliyu,19,Male,Lekki,N,Loyal,2023-04-10
C0983,Jide,Obi,56,Male,Ikeja,N,Loyal,2023-04-09
C0984,Seun,Badmus,26,Male,Garki,Y,Loyal,2022-11-27
C0985,Ngozi,Adeyemi,53,Female,Lagos,Y,Regular,2023-02-13
C0986,Emeka,Okonkwo,31,Male,Lekki,N,Regular,2022-06-07
C0987,Amara,Lawal,49,Female,Wuse,N,Regular,2022-05-15
C0988,Bola,Eze,41,Male,Lekki,Y,Regular,2022-10-02
C0989,Rotimi,Adeola,45,Male,Garki,Y,Regular,2022-07-10
C0990,Dare,Danjuma,23,Male,Surulere,Y,Loyal,2022-08-18
C0991,Jide,Aliyu,49,Male,Ikeja,N,Regular,2023-05-05
C0992,Aisha,Aliyu,26,Female,Garki,Y,Loyal,2023-08-06
C0993,Ngozi,Aina,22,Male,Surulere,Y,Loyal,2022-04-07
C0994,Zainab,Badmus,34,Female,Ikeja,N,Occasional,2022-01-17
C0995,Amara,Musa,29,Male,Garki,Y,Regular,2022-11-01
C0996,Seun,Badmus,64,Female,Garki,N,Loyal,2022-09-29
C0997,Seun,Okafor,31,Male,Lagos,N,Loyal,2022-04-19
C0998,Dare,Aina,19,Male,Lekki,Y,Regular,2023-05-04
C0999,Zainab,Uche,60,Female,Ikeja,N,New,2023-01-05
C1000,Ola,Uche,37,Male,Abuja,Y,Regular,2022-01-17
C1001,Ola,Nwosu,19,Male,Lekki,N,Loyal,2023-03-23
C1002,Jide,Aina,30,Male,Ikeja,N,Regular,2023-03-09
C1003,Chidi,Eze,28,Male,Wuse,N,New,2023-04-28
C1004,Chidi,Musa,55,Male,Abuja,Y,Occasional,2023-02-06
C1005,Ngozi,Fashola,18,Male,Wuse,N,Loyal,2023-03-02
C1006,Halima,Badmus,56,Female,Lagos,N,Loyal,2023-05-15
C1007,Kemi,Bello,51,Male,Lekki,N,Loyal,2022-10-02
C1008,Jide,Danjuma,48,Male,Lekki,N,Loyal,2023-04-05
C1009,Ola,Danjuma,19,Male,Ikeja,N,Loyal,2023-03-25
C1010,Kemi,Ogundele,32,Female,Surulere,N,Occasional,2023-04-25
C1011,Yusuf,Lawal,64,Female,Lekki,N,Loyal,2023-01-04
C1012,Halima,Okafor,57,Male,Ikeja,N,Regular,2023-05-10
C1013,Yusuf,Okafor,30,Male,Surulere,N,Occasional,2023-05-21
C1014,Aisha,Abubakar,31,Male,Lagos,Y,Regular,2022-06-12
C1015,Fatima,Ogundele,20,Male,Ikeja,Y,Loyal,2022-05-04
C1016,Obiageli,Abubakar,49,Female,Ikeja,N,Occasional,2023-07-25
C1017,Musa,Aliyu,62,Male,Wuse,Y,New,2023-04-14
C1018,Chisom,Eze,24,Male,Garki,N,Loyal,2022-06-21
C1019,Jide,Eze,31,Female,Abuja,N,Occasional,2023-06-03
C1020,Halima,Eze,27,Female,Ikeja,N,Regular,2022-07-26
C1021,Zainab,Danjuma,18,Male,Garki,N,Regular,2023-06-02
C1022,Fatima,Adeyemi,35,Female,Wuse,N,Regular,2022-09-09
C1023,Yusuf,Ogundele,44,Male,Abuja,N,Loyal,2023-02-24
C1024,Zainab,Ogundele,61,Female,Lagos,Y,Occasional,2023-06-14
C1025,Emeka,Adeyemi,39,Female,Lekki,N,Regular,2022-03-04
C1026,Ife,Bello,60,Male,Surulere,Y,Loyal,2023-06-17
C1027,Aisha,Danjuma,43,Female,Wuse,N,New,2022-01-09
C1028,Musa,Ogundele,57,Male,Wuse,Y,Loyal,2023-07-12
C1029,Adaeze,Adeola,59,Female,Wuse,Y,Occasional,2023-02-19
C1030,Chisom,Nwosu,37,Male,Lagos,N,Regular,2022-05-10
C1031,Chibuzor,Aina,36,Male,Lagos,N,Regular,2022-12-15
C1032,Chisom,Okafor,19,Male,Garki,N,Regular,2022-11-08
C1033,Toyin,Danjuma,50,Male,Wuse,Y,Regular,2023-06-04
C1034,Bola,Eze,21,Male,Lekki,Y,Occasional,2023-04-10
C1035,Seun,Abubakar,65,Male,Ikeja,Y,Loyal,2023-08-10
C1036,Sola,Aliyu,63,Female,Surulere,N,Regular,2023-06-13
C1037,Rotimi,Nwosu,41,Female,Lagos,Y,Loyal,2023-02-26
C1038,Emeka,Adeyemi,21,Female,Abuja,N,Loyal,2023-01-14
C1039,Sola,Ogundele,43,Female,Garki,Y,Loyal,2023-03-10
C1040,Zainab,Salisu,64,Female,Garki,Y,Loyal,2023-05-12
C1041,Ola,Musa,26,Male,Wuse,Y,Loyal,2022-06-10
C1042,Obiageli,Nwankwo,25,Female,Lagos,Y,Loyal,2022-02-11
C1043,Chibuzor,Aliyu,25,Female,Ikeja,N,Regular,2023-05-13
C1044,Chidi,Aliyu,27,Female,Lagos,N,Regular,2022-10-18
C1045,Tunde,Okafor,65,Female,Lagos,Y,Regular,2022-02-15
C1046,Dare,Salisu,54,Female,Surulere,N,Regular,2023-01-22
C1047,Halima,Adeola,26,Male,Surulere,N,Occasional,2023-04-05
C1048,Yusuf,Fashola,23,Female,Lekki,Y,Regular,2023-07-08
C1049,Ngozi,Musa,65,Female,Wuse,Y,Regular,2022-01-26
C1050,Rotimi,Lawal,53,Male,Wuse,N,Regular,2023-07-09
C1051,Rotimi,Bello,54,Male,Garki,N,Occasional,2022-05-04
C1052,Sola,Aina,29,Male,Ikeja,N,Regular,2023-08-17
C1053,Zainab,Adeyemi,52,Female,Lekki,N,Loyal,2022-01-24
C1054,Seun,Danjuma,29,Female,Lagos,N,Regular,2022-09-21
C1055,Emeka,Eze,24,Male,Ikeja,Y,Regular,2022-04-02
C1056,Yusuf,Lawal,44,Male,Lagos,N,Regular,2022-01-28
C1057,Ola,Bello,37,Female,Lagos,Y,Loyal,2022-11-28
C1058,Musa,Uche,25,Male,Abuja,Y,Loyal,2022-08-31
C1059,Halima,Ogundele,50,Female,Lagos,Y,Regular,2023-07-21
C1060,Dare,Adeyemi,48,Male,Lekki,N,New,2022-01-20
C1061,Musa,Aina,55,Male,Abuja,N,Loyal,2022-05-09
C1062,Aisha,Badmus,44,Female,Lagos,N,Loyal,2022-05-26
C1063,Bola,Aina,28,Male,Surulere,N,New,2023-07-23
C1064,Zainab,Bello,18,Female,Garki,N,Loyal,2022-06-21
C1065,Chidi,Bello,48,Female,Surulere,Y,Loyal,2022-12-26
C1066,Jide,Nwosu,55,Female,Lagos,Y,Loyal,2022-03-13
C1067,Aisha,Adeyemi,43,Male,Garki,Y,Loyal,2022-10-14
C1068,Dare,Nwosu,57,Female,Wuse,N,Loyal,2023-04-09
C1069,Musa,Abubakar,60,Female,Ikeja,Y,New,2022-12-03
C1070,Chidi,Aliyu,59,Male,Surulere,N,New,2022-06-27
C1071,Dare,Aina,62,Female,Garki,Y,Regular,2022-03-21
C1072,Obiageli,Okonkwo,60,Female,Wuse,Y,New,2023-01-21
C1073,Adaeze,Nwankwo,42,Male,Garki,N,Loyal,2022-01-09
C1074,Amara,Musa,41,Male,Lekki,Y,Occasional,2022-10-15
C1075,Sola,Nwankwo,30,Male,Garki,N,Regular,2022-08-15
C1076,Kemi,Salisu,41,Male,Ikeja,N,Occasional,2022-08-03
C1077,Chidi,Nwosu,58,Female,Lagos,N,Loyal,2023-05-21
C1078,Fatima,Aina,30,Male,Lagos,N,Occasional,2022-05-11
C1079,Musa,Badmus,32,Female,Abuja,N,Regular,2023-06-30
C1080,Adaeze,Obi,61,Female,Lagos,N,Loyal,2022-02-23
C1081,Seun,Danjuma,44,Female,Lagos,N,Loyal,2023-01-06
C1082,Chibuzor,Bello,64,Male,Lagos,Y,Loyal,2023-04-05
C1083,Seun,Okonkwo,43,Male,Ikeja,Y,Loyal,2022-01-26
C1084,Toyin,Abubakar,62,Female,Lagos,N,Regular,2022-12-04
C1085,Aisha,Adeyemi,58,Male,Lagos,N,Occasional,2022-12-09
C1086,Musa,Abubakar,24,Female,Abuja,N,Occasional,2022-12-08
C1087,Chibuzor,Abubakar,22,Female,Garki,Y,Loyal,2022-05-08
C1088,Emeka,Bello,20,Female,Ikeja,N,Loyal,2022-05-11
C1089,Ngozi,Musa,21,Female,Surulere,N,Regular,2022-02-27
C1090,Obiageli,Bello,36,Female,Lekki,Y,Occasional,2022-08-27
C1091,Adaeze,Adeola,18,Female,Lekki,N,Loyal,2022-04-14
C1092,Seun,Okonkwo,47,Female,Surulere,Y,Regular,2022-03-11
C1093,Rotimi,Nwosu,54,Male,Wuse,N,Regular,2023-05-08
C1094,Toyin,Adeola,46,Male,Abuja,Y,Regular,2022-05-11
C1095,Aisha,Badmus,45,Female,Ikeja,N,Loyal,2022-05-30
C1096,Yusuf,Salisu,37,Female,Ikeja,Y,Regular,2023-08-24
C1097,Sola,Aliyu,21,Male,Surulere,N,Loyal,2022-02-25
C1098,Dare,Nwankwo,30,Male,Wuse,N,Occasional,2022-12-16
C1099,Tunde,Salisu,62,Female,Surulere,N,Occasional,2023-08-03
C1100,Seun,Adeola,37,Female,Ikeja,Y,Loyal,2022-02-13
C1101,Halima,Abubakar,18,Male,Wuse,Y,Loyal,2022-09-02
C1102,Halima,Fashola,65,Female,Abuja,Y,Occasional,2022-01-07
C1103,Bola,Okonkwo,22,Female,Lagos,N,Regular,2023-03-27
C1104,Tunde,Badmus,41,Male,Lagos,Y,Regular,2022-08-13
C1105,Musa,Okafor,39,Male,Abuja,Y,Regular,2022-09-26
C1106,Amara,Okonkwo,61,Male,Lekki,N,Occasional,2022-12-13
C1107,Tunde,Lawal,47,Male,Ikeja,N,Loyal,2023-06-24
C1108,Adaeze,Danjuma,63,Male,Lagos,Y,New,2022-07-14
C1109,Tunde,Aina,42,Female,Ikeja,N,New,2022-09-08
C1110,Ngozi,Adeola,55,Male,Garki,N,Occasional,2022-12-02
C1111,Kemi,Bello,58,Female,Garki,Y,Loyal,2023-08-22
C1112,Halima,Nwosu,64,Male,Garki,N,Loyal,2022-03-08
C1113,Fatima,Ogundele,42,Female,Lekki,N,Regular,2023-01-18
C1114,Chibuzor,Salisu,63,Female,Lekki,Y,Loyal,2023-08-21
C1115,Jide,Bello,31,Male,Abuja,N,Regular,2022-08-12
C1116,Aisha,Danjuma,42,Male,Garki,Y,Loyal,2022-05-18
C1117,Chisom,Adeyemi,36,Female,Surulere,Y,Loyal,2023-04-22
C1118,Chibuzor,Adeola,39,Female,Lekki,N,Loyal,2023-05-25
C1119,Seun,Obi,42,Male,Abuja,Y,Regular,2022-03-19
C1120,Bola,Adeyemi,36,Male,Garki,Y,Regular,2022-05-02
C1121,Emeka,Nwankwo,20,Male,Ikeja,Y,Regular,2022-11-06
C1122,Toyin,Obi,30,Male,Garki,N,Occasional,2022-09-25
C1123,Chidi,Lawal,36,Female,Garki,N,New,2023-08-17
C1124,Chisom,Okonkwo,48,Male,Garki,Y,Regular,2022-08-03
C1125,Halima,Abubakar,51,Female,Wuse,N,Regular,2022-03-29
C1126,Seun,Nwosu,45,Female,Abuja,Y,Occasional,2022-01-31
C1127,Bola,Aliyu,54,Male,Ikeja,N,Regular,2022-12-30
C1128,Seun,Abubakar,44,Female,Wuse,N,Occasional,2023-07-05
C1129,Aisha,Fashola,55,Male,Surulere,N,New,2022-06-07
C1130,Seun,Badmus,58,Female,Lekki,Y,Regular,2023-07-02
C1131,Ife,Nwosu,48,Male,Ikeja,N,Loyal,2022-11-08
C1132,Emeka,Okafor,24,Male,Lagos,N,Loyal,2022-01-28
C1133,Fatima,Nwosu,22,Female,Ikeja,Y,Regular,2023-06-21
C1134,Emeka,Musa,21,Female,Surulere,Y,Regular,2023-02-25
C1135,Ife,Okafor,25,Male,Surulere,Y,Occasional,2023-02-03
C1136,Tunde,Aliyu,31,Female,Lekki,N,Loyal,2022-06-12
C1137,Adaeze,Badmus,37,Male,Surulere,N,Loyal,2022-07-26
C1138,Chidi,Aliyu,46,Male,Garki,Y,Occasional,2023-06-23
C1139,Seun,Badmus,49,Female,Lekki,N,Occasional,2022-10-22
C1140,Jide,Musa,40,Female,Lekki,N,Occasional,2022-06-29
C1141,Dare,Abubakar,29,Female,Lekki,Y,Loyal,2023-08-06
C1142,Amara,Uche,62,Male,Abuja,N,Regular,2023-07-05
C1143,Aisha,Adeyemi,62,Male,Lekki,Y,Occasional,2022-05-05
C1144,Bola,Adeyemi,24,Female,Lekki,N,Regular,2023-06-03
C1145,Ngozi,Musa,19,Male,Wuse,N,Occasional,2023-01-26
C1146,Seun,Uche,30,Female,Lagos,Y,Regular,2022-05-20
C1147,Seun,Musa,49,Female,Lagos,Y,Loyal,2023-03-25
C1148,Yusuf,Salisu,35,Male,Abuja,N,Loyal,2022-07-01
C1149,Aisha,Eze,52,Female,Abuja,Y,Occasional,2022-10-07
C1150,Yusuf,Musa,40,Male,Abuja,N,Occasional,2023-06-30
C1151,Tunde,Musa,62,Male,Garki,N,Loyal,2022-04-16
C1152,Ife,Lawal,46,Male,Surulere,Y,Occasional,2022-07-26
C1153,Kemi,Nwankwo,33,Male,Lagos,Y,Regular,2022-01-15
C1154,Seun,Nwosu,61,Male,Abuja,N,Regular,2022-06-21
C1155,Toyin,Okafor,20,Female,Surulere,Y,Regular,2023-07-30
C1156,Jide,Nwosu,57,Male,Surulere,Y,Loyal,2022-08-26
C1157,Tunde,Eze,40,Female,Abuja,Y,Loyal,2022-01-13
C1158,Ife,Nwosu,47,Male,Lagos,N,Regular,2023-01-13
C1159,Ngozi,Adeyemi,31,Female,Ikeja,N,Loyal,2022-04-15
C1160,Ola,Aina,54,Male,Ikeja,N,Loyal,2023-02-02
C1161,Sola,Aliyu,39,Male,Wuse,N,Loyal,2023-05-09
C1162,Emeka,Fashola,19,Female,Lekki,N,Occasional,2023-05-31
C1163,Rotimi,Okonkwo,32,Male,Surulere,N,Regular,2022-08-31
C1164,Toyin,Danjuma,33,Male,Lagos,Y,Loyal,2022-07-26
C1165,Yusuf,Uche,31,Male,Abuja,N,Loyal,2023-03-31
C1166,Toyin,Fashola,26,Female,Ikeja,N,Occasional,2023-06-18
C1167,Dare,Lawal,19,Male,Garki,N,Regular,2022-07-30
C1168,Obiageli,Bello,60,Male,Garki,N,Occasional,2023-01-26
C1169,Chibuzor,Fashola,29,Female,Wuse,Y,Occasional,2022-03-13
C1170,Tunde,Bello,58,Male,Abuja,Y,Regular,2023-07-17
C1171,Tunde,Abubakar,50,Male,Lekki,N,Regular,2022-07-22
C1172,Kemi,Danjuma,29,Male,Ikeja,Y,Loyal,2022-07-26
C1173,Musa,Salisu,23,Female,Lekki,Y,Loyal,2023-03-09
C1174,Chibuzor,Adeola,65,Female,Garki,Y,New,2023-05-09
C1175,Chidi,Uche,45,Male,Garki,N,Regular,2023-07-05
C1176,Yusuf,Aina,64,Male,Ikeja,Y,Regular,2022-10-18
C1177,Ife,Aina,56,Female,Lagos,Y,Occasional,2022-07-20
C1178,Yusuf,Nwosu,18,Male,Garki,N,Occasional,2023-05-19
C1179,Ife,Danjuma,43,Female,Lekki,N,Loyal,2022-03-14
C1180,Dare,Bello,25,Female,Surulere,Y,Occasional,2022-09-19
C1181,Chisom,Nwankwo,50,Female,Wuse,N,Loyal,2023-01-30
C1182,Dare,Abubakar,33,Female,Lagos,N,Regular,2022-01-29
C1183,Ola,Aliyu,34,Female,Wuse,Y,Regular,2023-08-16
C1184,Sola,Okafor,18,Male,Garki,Y,Occasional,2023-01-29
C1185,Ife,Badmus,23,Male,Lekki,Y,Loyal,2022-11-06
C1186,Chibuzor,Aina,60,Female,Surulere,Y,Loyal,2022-04-02
C1187,Amara,Badmus,40,Male,Ikeja,N,New,2023-02-12
C1188,Ola,Lawal,18,Male,Garki,N,Regular,2023-03-04
C1189,Chibuzor,Danjuma,59,Female,Wuse,Y,Regular,2022-07-10
C1190,Ola,Aliyu,30,Female,Abuja,N,Regular,2023-08-04
C1191,Tunde,Okafor,30,Male,Wuse,Y,Occasional,2022-09-23
C1192,Dare,Musa,58,Male,Garki,N,Regular,2022-03-29
C1193,Ife,Eze,35,Male,Ikeja,Y,Regular,2023-05-12
C1194,Sola,Eze,18,Male,Ikeja,N,Regular,2023-08-20
C1195,Ngozi,Eze,31,Male,Lekki,N,New,2022-09-30
C1196,Halima,Salisu,39,Female,Ikeja,Y,Occasional,2022-11-19
C1197,Kemi,Nwankwo,60,Female,Lekki,N,New,2022-12-05
C1198,Amara,Okonkwo,47,Female,Wuse,N,New,2022-01-27
C1199,Adaeze,Eze,51,Female,Wuse,N,Regular,2023-04-08
C1200,Adaeze,Salisu,50,Female,Wuse,Y,New,2022-11-26
